,Area Type,Area Name,Total_2016,Total_2036,Population Difference,Population Growth
0,2RVIC,Alfredton,11852,26437.0,14585.0,123.05939925750928
1,2RVIC,Ballarat,12301,13085.0,784.0,6.373465571904722
2,2RVIC,Ballarat - North,23539,27769.0,4230.0,17.97017715281023
3,2RVIC,Ballarat - South,24654,30471.0,5817.0,23.594548551959114
4,2RVIC,Buninyong,7311,9292.0,1981.0,27.0961564765422
5,2RVIC,Delacombe,7195,19196.0,12001.0,166.79638637943015
6,2RVIC,Smythes Creek,3990,4548.0,558.0,13.984962406015036
7,2RVIC,Wendouree - Miners Rest,14826,17612.0,2786.0,18.791312559017943
8,2RVIC,Bacchus Marsh Region,5982,7368.0,1386.0,23.169508525576727
9,2RVIC,Creswick - Clunes,7870,8999.0,1129.0,14.345616264294792
10,2RVIC,Daylesford,9117,10394.0,1277.0,14.006800482614896
11,2RVIC,Gordon (Vic.),5761,6628.0,867.0,15.049470578024648
12,2RVIC,Avoca,3323,3444.0,121.0,3.641287992777611
13,2RVIC,Beaufort,4454,4750.0,296.0,6.645711719802424
14,2RVIC,Golden Plains - North,4540,5683.0,1143.0,25.176211453744497
15,2RVIC,Maryborough (Vic.),8001,8654.0,653.0,8.161479815023123
16,2RVIC,Maryborough Region,5278,5690.0,412.0,7.805987116331944
17,2RVIC,Bendigo,14770,16152.0,1382.0,9.35680433310765
18,2RVIC,California Gully - Eaglehawk,12130,16613.0,4483.0,36.95795548227535
19,2RVIC,East Bendigo - Kennington,13750,14449.0,699.0,5.083636363636364
20,2RVIC,Flora Hill - Spring Gully,9493,10851.0,1358.0,14.305277572948489
21,2RVIC,Kangaroo Flat - Golden Square,19947,24429.0,4482.0,22.469544292374792
22,2RVIC,Maiden Gully,5155,9847.0,4692.0,91.01842870999029
23,2RVIC,Strathfieldsaye,8775,17437.0,8662.0,98.71225071225072
24,2RVIC,White Hills - Ascot,11914,22487.0,10573.0,88.74433439650831
25,2RVIC,Bendigo Region - South,7346,11130.0,3784.0,51.51102640893003
26,2RVIC,Castlemaine,10770,12729.0,1959.0,18.18941504178273
27,2RVIC,Castlemaine Region,8621,9407.0,786.0,9.117271778215983
28,2RVIC,Heathcote,4529,5389.0,860.0,18.988739236034444
29,2RVIC,Kyneton,9782,12335.0,2553.0,26.09895726845226
30,2RVIC,Woodend,7043,9214.0,2171.0,30.824932557148944
31,2RVIC,Bendigo Region - North,4413,4975.0,562.0,12.735100838431906
32,2RVIC,Loddon,7098,6789.0,-309.0,-4.353338968723584
33,2RVIC,Bannockburn,6549,13093.0,6544.0,99.92365246602535
34,2RVIC,Golden Plains - South,6937,9750.0,2813.0,40.550670318581524
35,2RVIC,Winchelsea,5824,6887.0,1063.0,18.252060439560438
36,2RVIC,Belmont,14312,16622.0,2310.0,16.140301844605926
37,2RVIC,Corio - Norlane,27029,34290.0,7261.0,26.863738947056863
38,2RVIC,Geelong,13077,16363.0,3286.0,25.12808748183834
39,2RVIC,Geelong West - Hamlyn Heights,20021,26989.0,6968.0,34.80345637081065
40,2RVIC,Grovedale,23790,60216.0,36426.0,153.11475409836066
41,2RVIC,Highton,22794,29060.0,6266.0,27.48969026936913
42,2RVIC,Lara,18587,29635.0,11048.0,59.43939312422661
43,2RVIC,Leopold,13140,17955.0,4815.0,36.64383561643836
44,2RVIC,Newcomb - Moolap,14873,17192.0,2319.0,15.592012371411283
45,2RVIC,Newtown (Vic.),10483,12635.0,2152.0,20.52847467328055
46,2RVIC,North Geelong - Bell Park,15040,19623.0,4583.0,30.472074468085108
47,2RVIC,Clifton Springs,13593,20971.0,7378.0,54.27793717354521
48,2RVIC,Lorne - Anglesea,5261,6029.0,768.0,14.597985173921307
49,2RVIC,Ocean Grove - Barwon Heads,24177,45973.0,21796.0,90.15179716259254
50,2RVIC,Portarlington,7517,10884.0,3367.0,44.79180524145271
51,2RVIC,Point Lonsdale - Queenscliff,4249,5435.0,1186.0,27.912449988232524
52,2RVIC,Torquay,19131,32068.0,12937.0,67.62322931367936
53,2RVIC,Alexandra,6474,7569.0,1095.0,16.91380908248378
54,2RVIC,Euroa,6316,6854.0,538.0,8.518049398353387
55,2RVIC,Kilmore - Broadford,14098,22206.0,8108.0,57.51170378777132
56,2RVIC,Mansfield (Vic.),8935,11303.0,2368.0,26.502518186905426
57,2RVIC,Nagambie,4048,5168.0,1120.0,27.66798418972332
58,2RVIC,Seymour,6403,6691.0,288.0,4.497891613306263
59,2RVIC,Seymour Region,4487,4693.0,206.0,4.591040784488523
60,2RVIC,Upper Yarra Valley,184,228.0,44.0,23.91304347826087
61,2RVIC,Yea,3606,4404.0,798.0,22.129783693843592
62,2RVIC,Benalla,10420,10957.0,537.0,5.153550863723608
63,2RVIC,Benalla Region,3623,3762.0,139.0,3.836599503174165
64,2RVIC,Rutherglen,3907,4308.0,401.0,10.263629383158433
65,2RVIC,Wangaratta,18940,22053.0,3113.0,16.43611404435058
66,2RVIC,Wangaratta Region,9652,10111.0,459.0,4.755491089929548
67,2RVIC,Beechworth,4632,5676.0,1044.0,22.53886010362694
68,2RVIC,Bright - Mount Beauty,8299,9163.0,864.0,10.41089287866008
69,2RVIC,Chiltern - Indigo Valley,3117,3259.0,142.0,4.555662495989734
70,2RVIC,Myrtleford,4742,4843.0,101.0,2.1299029945170815
71,2RVIC,Towong,6014,6205.0,191.0,3.1759228466910545
72,2RVIC,West Wodonga,15181,17647.0,2466.0,16.243989197022593
73,2RVIC,Wodonga,24919,41254.0,16335.0,65.55238974276656
74,2RVIC,Yackandandah,4578,5359.0,781.0,17.059851463521188
75,2RVIC,Drouin,16435,29375.0,12940.0,78.73440827502282
76,2RVIC,Mount Baw Baw Region,6095,6421.0,326.0,5.348646431501231
77,2RVIC,Trafalgar (Vic.),7828,10482.0,2654.0,33.90393459376597
78,2RVIC,Warragul,19088,29700.0,10612.0,55.59513830678961
79,2RVIC,Alps - East,0,0.0,0.0,
80,2RVIC,Bairnsdale,14902,19774.0,4872.0,32.693598174741645
81,2RVIC,Bruthen - Omeo,7902,8998.0,1096.0,13.86990635282207
82,2RVIC,Lake King,0,0.0,0.0,
83,2RVIC,Lakes Entrance,10038,12338.0,2300.0,22.91293086272166
84,2RVIC,Orbost,6497,6165.0,-332.0,-5.110050792673541
85,2RVIC,Paynesville,6374,8814.0,2440.0,38.28051459052401
86,2RVIC,Foster,8910,9674.0,764.0,8.574635241301907
87,2RVIC,French Island,114,74.0,-40.0,-35.08771929824561
88,2RVIC,Korumburra,9253,11247.0,1994.0,21.549767642926618
89,2RVIC,Leongatha,11202,13284.0,2082.0,18.58596679164435
90,2RVIC,Phillip Island,10686,15485.0,4799.0,44.909227026015344
91,2RVIC,Wilsons Promontory,0,0.0,0.0,
92,2RVIC,Wonthaggi - Inverloch,22577,32422.0,9845.0,43.60632502103911
93,2RVIC,Churchill,11594,12267.0,673.0,5.8047265827151975
94,2RVIC,Moe - Newborough,16840,17660.0,820.0,4.86935866983373
95,2RVIC,Morwell,14024,14562.0,538.0,3.836280661722761
96,2RVIC,Traralgon,27361,33650.0,6289.0,22.985271006176674
97,2RVIC,Yallourn North - Glengarry,4643,4888.0,245.0,5.276760715054921
98,2RVIC,Alps - West,0,0.0,0.0,
99,2RVIC,Longford - Loch Sport,4367,5057.0,690.0,15.800320586214792
100,2RVIC,Maffra,13997,16017.0,2020.0,14.431663927984568
101,2RVIC,Rosedale,4791,5267.0,476.0,9.935295345439366
102,2RVIC,Sale,14891,16914.0,2023.0,13.585387146598615
103,2RVIC,Yarram,5371,5667.0,296.0,5.511078011543474
104,2GMEL,Brunswick,27435,39114.0,11679.0,42.569710224166215
105,2GMEL,Brunswick East,11716,19327.0,7611.0,64.9624445203141
106,2GMEL,Brunswick West,14523,18767.0,4244.0,29.222612407904702
107,2GMEL,Coburg,27802,38578.0,10776.0,38.759801453132866
108,2GMEL,Pascoe Vale South,10465,13241.0,2776.0,26.526516961299567
109,2GMEL,Alphington - Fairfield,9434,12046.0,2612.0,27.687089251642995
110,2GMEL,Northcote,26424,34327.0,7903.0,29.9084165909779
111,2GMEL,Thornbury,19578,24176.0,4598.0,23.48554499948922
112,2GMEL,Ascot Vale,15497,21440.0,5943.0,38.3493579402465
113,2GMEL,Essendon - Aberfeldie,28946,37989.0,9043.0,31.240931389483865
114,2GMEL,Flemington,10734,14946.0,4212.0,39.239798770262716
115,2GMEL,Moonee Ponds,15158,25599.0,10441.0,68.88111888111888
116,2GMEL,Carlton,20242,30262.0,10020.0,49.501037446892596
117,2GMEL,Docklands,11832,29157.0,17325.0,146.42494929006085
118,2GMEL,East Melbourne,5475,7300.0,1825.0,33.33333333333333
119,2GMEL,Flemington Racecourse,91,3214.0,3123.0,3431.868131868132
120,2GMEL,Kensington (Vic.),11530,16674.0,5144.0,44.61405030355594
121,2GMEL,Melbourne,40181,83245.0,43064.0,107.17503297578457
122,2GMEL,North Melbourne,22106,45392.0,23286.0,105.33791730751831
123,2GMEL,Parkville,7898,11559.0,3661.0,46.35350721701697
124,2GMEL,South Yarra - West,6453,8321.0,1868.0,28.947776228110953
125,2GMEL,Southbank,20288,47186.0,26898.0,132.5808359621451
126,2GMEL,West Melbourne,3,0.0,-3.0,-100.0
127,2GMEL,Albert Park,16490,20797.0,4307.0,26.118859915100064
128,2GMEL,Elwood,16382,18905.0,2523.0,15.40104993285313
129,2GMEL,Port Melbourne,17469,20452.0,2983.0,17.075963134695744
130,2GMEL,Port Melbourne Industrial,25,23501.0,23476.0,93904.0
131,2GMEL,South Melbourne,12492,29929.0,17437.0,139.58533461415306
132,2GMEL,St Kilda,28166,36226.0,8060.0,28.61606191862529
133,2GMEL,St Kilda East,17613,19976.0,2363.0,13.416226650769318
134,2GMEL,Armadale,9619,13173.0,3554.0,36.94770766191912
135,2GMEL,Prahran - Windsor,21275,27888.0,6613.0,31.0834312573443
136,2GMEL,South Yarra - East,22350,35254.0,12904.0,57.73601789709172
137,2GMEL,Toorak,14036,15441.0,1405.0,10.009974351667141
138,2GMEL,Abbotsford,8770,14263.0,5493.0,62.6339794754846
139,2GMEL,Carlton North - Princes Hill,9058,9718.0,660.0,7.286376683594613
140,2GMEL,Collingwood,9235,14598.0,5363.0,58.07255008121278
141,2GMEL,Fitzroy,11259,14970.0,3711.0,32.96029842792433
142,2GMEL,Fitzroy North,13129,16675.0,3546.0,27.0089115698073
143,2GMEL,Richmond (Vic.),32686,49800.0,17114.0,52.35880805237716
144,2GMEL,Yarra - North,9606,17515.0,7909.0,82.33395794295232
145,2GMEL,Ashburton (Vic.),8104,9380.0,1276.0,15.745310957551824
146,2GMEL,Balwyn,16679,18946.0,2267.0,13.591941962947418
147,2GMEL,Balwyn North,21440,24247.0,2807.0,13.092350746268657
148,2GMEL,Camberwell,22646,28157.0,5511.0,24.335423474344257
149,2GMEL,Glen Iris - East,17182,20118.0,2936.0,17.08764986613898
150,2GMEL,Hawthorn,24548,32196.0,7648.0,31.155287599804467
151,2GMEL,Hawthorn East,16192,22233.0,6041.0,37.30854743083004
152,2GMEL,Kew,26504,30964.0,4460.0,16.82764865680652
153,2GMEL,Kew East,6855,7931.0,1076.0,15.696571845368346
154,2GMEL,Surrey Hills (West) - Canterbury,17126,19667.0,2541.0,14.837089804974893
155,2GMEL,Bulleen,11565,14118.0,2553.0,22.075226977950713
156,2GMEL,Doncaster,21885,33158.0,11273.0,51.51016678090016
157,2GMEL,Templestowe,17682,18607.0,925.0,5.231308675489198
158,2GMEL,Templestowe Lower,14305,16159.0,1854.0,12.960503320517303
159,2GMEL,Doncaster East (North),15328,18826.0,3498.0,22.82098121085595
160,2GMEL,Doncaster East (South),14596,18526.0,3930.0,26.9251849821869
161,2GMEL,Blackburn,22291,27533.0,5242.0,23.516217307433493
162,2GMEL,Blackburn South,11229,12351.0,1122.0,9.99198503873898
163,2GMEL,Box Hill,20839,36258.0,15419.0,73.99107442775565
164,2GMEL,Box Hill North,18466,20938.0,2472.0,13.386764865157588
165,2GMEL,Burwood,12900,19035.0,6135.0,47.55813953488372
166,2GMEL,Burwood East,10772,16715.0,5943.0,55.17081321945785
167,2GMEL,Surrey Hills (East) - Mont Albert,10456,12018.0,1562.0,14.938791124713083
168,2GMEL,Beaumaris,14250,16130.0,1880.0,13.192982456140351
169,2GMEL,Brighton (Vic.),24353,27915.0,3562.0,14.626534718515172
170,2GMEL,Brighton East,16718,18749.0,2031.0,12.148582366311759
171,2GMEL,Cheltenham - Highett (West),11463,15968.0,4505.0,39.30035767251156
172,2GMEL,Hampton,18611,22425.0,3814.0,20.49325667615926
173,2GMEL,Sandringham - Black Rock,17517,21521.0,4004.0,22.857795284580693
174,2GMEL,Bentleigh - McKinnon,23586,28525.0,4939.0,20.940388365979818
175,2GMEL,Carnegie,19091,25473.0,6382.0,33.42936462207323
176,2GMEL,Caulfield - North,22288,28751.0,6463.0,28.997666905958365
177,2GMEL,Caulfield - South,18393,21128.0,2735.0,14.869787419126842
178,2GMEL,Elsternwick,12110,15242.0,3132.0,25.862923203963668
179,2GMEL,Hughesdale,8038,10392.0,2354.0,29.28589201293854
180,2GMEL,Murrumbeena,9809,11572.0,1763.0,17.97328983586502
181,2GMEL,Ormond - Glen Huntly,14057,17061.0,3004.0,21.37013587536459
182,2GMEL,Bentleigh East (North),15482,24070.0,8588.0,55.47086939671877
183,2GMEL,Bentleigh East (South),13767,16389.0,2622.0,19.04554369143604
184,2GMEL,Aspendale Gardens - Waterways,9427,9884.0,457.0,4.847777659913016
185,2GMEL,Braeside,60,60.0,0.0,0.0
186,2GMEL,Carrum - Patterson Lakes,12111,15005.0,2894.0,23.89563207001899
187,2GMEL,Chelsea - Bonbeach,14833,18637.0,3804.0,25.64552012404773
188,2GMEL,Chelsea Heights,5538,6155.0,617.0,11.141206211628747
189,2GMEL,Cheltenham - Highett (East),23449,34133.0,10684.0,45.56271056335025
190,2GMEL,Edithvale - Aspendale,13376,15629.0,2253.0,16.8436004784689
191,2GMEL,Mentone,13695,17822.0,4127.0,30.135085797736398
192,2GMEL,Moorabbin - Heatherton,9253,13019.0,3766.0,40.700313411866425
193,2GMEL,Moorabbin Airport,0,0.0,0.0,
194,2GMEL,Mordialloc - Parkdale,20969,25335.0,4366.0,20.821212265725595
195,2GMEL,Malvern - Glen Iris,21148,25858.0,4710.0,22.271609608473614
196,2GMEL,Malvern East,22575,29275.0,6700.0,29.67884828349945
197,2GMEL,Bundoora - East,10292,11524.0,1232.0,11.970462495141858
198,2GMEL,Greensborough,21348,24122.0,2774.0,12.994191493348323
199,2GMEL,Heidelberg - Rosanna,15532,22283.0,6751.0,43.46510430079835
200,2GMEL,Heidelberg West,14806,19325.0,4519.0,30.521410239092262
201,2GMEL,Ivanhoe,11998,16394.0,4396.0,36.63943990665111
202,2GMEL,Ivanhoe East - Eaglemont,8119,8910.0,791.0,9.742579135361499
203,2GMEL,Montmorency - Briar Hill,16792,18224.0,1432.0,8.527870414483086
204,2GMEL,Viewbank - Yallambie,19018,19510.0,492.0,2.5870228204858554
205,2GMEL,Watsonia,9542,10469.0,927.0,9.714944456088869
206,2GMEL,Kingsbury,11965,15678.0,3713.0,31.032177183451736
207,2GMEL,Reservoir - East,28420,38924.0,10504.0,36.959887403237154
208,2GMEL,Reservoir - West,25246,30397.0,5151.0,20.403232195199237
209,2GMEL,Preston - East,21192,33738.0,12546.0,59.20158550396376
210,2GMEL,Preston - West,12867,21363.0,8496.0,66.02937747726743
211,2GMEL,Eltham,24008,25717.0,1709.0,7.11846051316228
212,2GMEL,Hurstbridge,3605,3869.0,264.0,7.323162274618586
213,2GMEL,Kinglake,3984,5062.0,1078.0,27.058232931726906
214,2GMEL,Panton Hill - St Andrews,5409,6077.0,668.0,12.34978739138473
215,2GMEL,Plenty - Yarrambat,9794,11016.0,1222.0,12.477026751072085
216,2GMEL,Research - North Warrandyte,7007,7264.0,257.0,3.6677608106179536
217,2GMEL,Wattle Glen - Diamond Creek,14351,16372.0,2021.0,14.082642324576685
218,2GMEL,Bundoora - North,7959,12372.0,4413.0,55.44666415378816
219,2GMEL,Bundoora - West,6456,8356.0,1900.0,29.429987608426273
220,2GMEL,Lalor,23874,34964.0,11090.0,46.45220742230041
221,2GMEL,Mill Park - North,18712,19352.0,640.0,3.4202650705429676
222,2GMEL,Mill Park - South,12526,13059.0,533.0,4.2551492894778855
223,2GMEL,Thomastown,21485,24745.0,3260.0,15.173376774493832
224,2GMEL,Wallan,16747,64025.0,47278.0,282.3072789156267
225,2GMEL,Whittlesea,8436,44864.0,36428.0,431.81602655286866
226,2GMEL,Doreen,21801,32974.0,11173.0,51.24994266318059
227,2GMEL,Epping - East,13738,18068.0,4330.0,31.51841607220847
228,2GMEL,Epping - South,8690,9558.0,868.0,9.98849252013809
229,2GMEL,Epping - West,11484,16410.0,4926.0,42.8944618599791
230,2GMEL,Mernda,17171,31310.0,14139.0,82.34232135577427
231,2GMEL,South Morang (North),12675,19911.0,7236.0,57.08875739644971
232,2GMEL,South Morang (South),12558,14764.0,2206.0,17.566491479534957
233,2GMEL,Wollert,9493,63746.0,54253.0,571.5053197092595
234,2GMEL,Airport West,7903,11000.0,3097.0,39.18765025939517
235,2GMEL,Essendon Airport,0,0.0,0.0,
236,2GMEL,Keilor,8993,10321.0,1328.0,14.767041031913712
237,2GMEL,Keilor East,27399,34525.0,7126.0,26.008248476221763
238,2GMEL,Niddrie - Essendon West,7250,10006.0,2756.0,38.01379310344827
239,2GMEL,Strathmore,9968,12253.0,2285.0,22.923354735152486
240,2GMEL,Gisborne,13312,20272.0,6960.0,52.28365384615385
241,2GMEL,Macedon,3525,3963.0,438.0,12.425531914893618
242,2GMEL,Riddells Creek,4174,5819.0,1645.0,39.410637278390034
243,2GMEL,Romsey,9663,13065.0,3402.0,35.20645762185657
244,2GMEL,Coburg North,8112,13337.0,5225.0,64.41074950690336
245,2GMEL,Fawkner,14460,18685.0,4225.0,29.218533886583682
246,2GMEL,Pascoe Vale,24829,34604.0,9775.0,39.36928591566314
247,2GMEL,Glenroy,23153,32250.0,9097.0,39.290804647345915
248,2GMEL,Gowanbrae,3042,4153.0,1111.0,36.52202498356345
249,2GMEL,Hadfield,5911,8407.0,2496.0,42.22635763830147
250,2GMEL,Sunbury,13238,22305.0,9067.0,68.49221936848467
251,2GMEL,Sunbury - South,27686,47871.0,20185.0,72.90688434587878
252,2GMEL,Broadmeadows,13916,21013.0,7097.0,50.99885024432308
253,2GMEL,Campbellfield - Coolaroo,17122,19138.0,2016.0,11.774325429272281
254,2GMEL,Gladstone Park - Westmeadows,18353,20916.0,2563.0,13.965019342886723
255,2GMEL,Greenvale - Bulla,17123,35127.0,18004.0,105.14512643812417
256,2GMEL,Meadow Heights,15779,16660.0,881.0,5.583370302300526
257,2GMEL,Melbourne Airport,194,194.0,0.0,0.0
258,2GMEL,Roxburgh Park - Somerton,23041,28527.0,5486.0,23.809730480447897
259,2GMEL,Tullamarine,6698,8118.0,1420.0,21.2003583159152
260,2GMEL,Craigieburn - Central,8749,9155.0,406.0,4.640530346325295
261,2GMEL,Craigieburn - North,12124,14284.0,2160.0,17.815902342461236
262,2GMEL,Craigieburn - South,16999,28747.0,11748.0,69.10994764397905
263,2GMEL,Craigieburn - West,14882,31305.0,16423.0,110.35479102271199
264,2GMEL,Mickleham - Yuroke,3580,58334.0,54754.0,1529.441340782123
265,2GMEL,Bayswater,12584,16999.0,4415.0,35.08423394787032
266,2GMEL,Knoxfield - Scoresby,15752,23138.0,7386.0,46.88928390045709
267,2GMEL,Lysterfield,6917,7715.0,798.0,11.536793407546623
268,2GMEL,Rowville - Central,15864,17182.0,1318.0,8.308119011598588
269,2GMEL,Rowville - North,8352,9097.0,745.0,8.920019157088124
270,2GMEL,Rowville - South,11000,11258.0,258.0,2.3454545454545452
271,2GMEL,Wantirna,14425,16808.0,2383.0,16.519930675909876
272,2GMEL,Wantirna South,18580,22618.0,4038.0,21.733046286329387
273,2GMEL,Boronia,22918,28906.0,5988.0,26.12793437472729
274,2GMEL,Ferntree Gully (North),14337,16794.0,2457.0,17.13747645951036
275,2GMEL,Ferntree Gully (South) - Upper Ferntree Gully,15230,16221.0,991.0,6.506894287590283
276,2GMEL,The Basin,4441,4846.0,405.0,9.119567664940329
277,2GMEL,Donvale - Park Orchards,16715,17897.0,1182.0,7.071492671253365
278,2GMEL,Warrandyte - Wonga Park,10613,11158.0,545.0,5.135211533025535
279,2GMEL,Bayswater North,12257,14298.0,2041.0,16.651709227380273
280,2GMEL,Croydon Hills - Warranwood,18752,20361.0,1609.0,8.580418088737202
281,2GMEL,Ringwood,17931,27199.0,9268.0,51.68702247504322
282,2GMEL,Ringwood East,21031,25467.0,4436.0,21.092672721221053
283,2GMEL,Ringwood North,9991,11013.0,1022.0,10.229206285657092
284,2GMEL,Croydon - East,15724,21190.0,5466.0,34.76214703637751
285,2GMEL,Croydon - West,13805,18379.0,4574.0,33.13292285403839
286,2GMEL,Croydon South,4856,5361.0,505.0,10.399505766062603
287,2GMEL,Forest Hill,11074,13473.0,2399.0,21.663355607729816
288,2GMEL,Mitcham (Vic.),16859,20238.0,3379.0,20.042707159380747
289,2GMEL,Nunawading,12363,16248.0,3885.0,31.424411550594517
290,2GMEL,Vermont,10896,12569.0,1673.0,15.354258443465493
291,2GMEL,Vermont South,12251,13797.0,1546.0,12.619378009958371
292,2GMEL,Belgrave - Selby,10453,10529.0,76.0,0.7270640007653305
293,2GMEL,Chirnside Park,10266,15022.0,4756.0,46.32768361581921
294,2GMEL,Healesville - Yarra Glen,14106,16814.0,2708.0,19.19750460796824
295,2GMEL,Kilsyth,9470,11595.0,2125.0,22.439281942977825
296,2GMEL,Lilydale - Coldstream,19448,29679.0,10231.0,52.606951871657756
297,2GMEL,Monbulk - Silvan,5827,6171.0,344.0,5.903552428350781
298,2GMEL,Montrose,7078,7546.0,468.0,6.612037298671941
299,2GMEL,Mooroolbark,23027,27844.0,4817.0,20.918921266339517
300,2GMEL,Mount Dandenong - Olinda,10109,10334.0,225.0,2.2257394401028785
301,2GMEL,Mount Evelyn,10081,10730.0,649.0,6.437853387560757
302,2GMEL,Upwey - Tecoma,10040,10170.0,130.0,1.294820717131474
303,2GMEL,Wandin - Seville,7884,8846.0,962.0,12.201927955352613
304,2GMEL,Yarra Valley,16622,17632.0,1010.0,6.076284442305378
305,2GMEL,Beaconsfield - Officer,13612,49252.0,35640.0,261.82779900088156
306,2GMEL,Bunyip - Garfield,8928,18851.0,9923.0,111.14471326164875
307,2GMEL,Emerald - Cockatoo,18580,20784.0,2204.0,11.862217438105489
308,2GMEL,Koo Wee Rup,7666,13705.0,6039.0,78.7764153404644
309,2GMEL,Pakenham - North,19370,35071.0,15701.0,81.05833763551884
310,2GMEL,Pakenham - South,29580,40398.0,10818.0,36.572008113590265
311,2GMEL,Berwick - North,23824,26669.0,2845.0,11.941739422431162
312,2GMEL,Berwick - South,26874,39670.0,12796.0,47.61479496911513
313,2GMEL,Doveton,11867,15913.0,4046.0,34.094547905957704
314,2GMEL,Hallam,11335,14511.0,3176.0,28.019408910454345
315,2GMEL,Narre Warren North,8183,10225.0,2042.0,24.9541732860809
316,2GMEL,Endeavour Hills - North,12499,12961.0,462.0,3.6962957036562925
317,2GMEL,Endeavour Hills - South,14160,14187.0,27.0,0.19067796610169493
318,2GMEL,Narre Warren - North East,13967,15429.0,1462.0,10.467530607861388
319,2GMEL,Narre Warren - South West,14544,17596.0,3052.0,20.984598459845984
320,2GMEL,Cranbourne,20888,26262.0,5374.0,25.72769054002298
321,2GMEL,Cranbourne East,26754,118601.0,91847.0,343.301936159079
322,2GMEL,Cranbourne North,20985,33363.0,12378.0,58.98498927805576
323,2GMEL,Cranbourne South,9116,54603.0,45487.0,498.97981570864414
324,2GMEL,Cranbourne West,15685,29026.0,13341.0,85.05578578259484
325,2GMEL,Hampton Park - Lynbrook,26780,29542.0,2762.0,10.313666915608662
326,2GMEL,Lynbrook - Lyndhurst,16067,21346.0,5279.0,32.85616480985872
327,2GMEL,Pearcedale - Tooradin,8035,9206.0,1171.0,14.573739887990044
328,2GMEL,Narre Warren South (East),13713,14452.0,739.0,5.389046889812587
329,2GMEL,Narre Warren South (West),17513,18689.0,1176.0,6.7150117055901335
330,2GMEL,Clarinda - Oakleigh South,12323,13125.0,802.0,6.508155481619736
331,2GMEL,Clayton South,13296,20790.0,7494.0,56.36281588447653
332,2GMEL,Dandenong,32700,50674.0,17974.0,54.96636085626911
333,2GMEL,Dandenong North,23684,25999.0,2315.0,9.77453132916737
334,2GMEL,Dingley Village,10611,11492.0,881.0,8.302704740363774
335,2GMEL,Keysborough,27471,39749.0,12278.0,44.694405008918494
336,2GMEL,Noble Park North,7871,8659.0,788.0,10.011434379367298
337,2GMEL,Springvale,22761,33777.0,11016.0,48.39857651245551
338,2GMEL,Springvale South,13227,15483.0,2256.0,17.056021773644815
339,2GMEL,Noble Park - East,13073,18791.0,5718.0,43.73900405415742
340,2GMEL,Noble Park - West,19435,25427.0,5992.0,30.83097504502187
341,2GMEL,Ashwood - Chadstone,19308,26328.0,7020.0,36.357986326911124
342,2GMEL,Clayton,23672,37195.0,13523.0,57.126563028050015
343,2GMEL,Glen Waverley - East,22153,24531.0,2378.0,10.734437773664967
344,2GMEL,Glen Waverley - West,20151,27275.0,7124.0,35.353084214182914
345,2GMEL,Mount Waverley - North,16053,19049.0,2996.0,18.663178222139166
346,2GMEL,Mount Waverley - South,19291,24593.0,5302.0,27.484319112539524
347,2GMEL,Mulgrave,20462,24992.0,4530.0,22.138598377480207
348,2GMEL,Oakleigh - Huntingdale,22617,31423.0,8806.0,38.935314144227796
349,2GMEL,Wheelers Hill,20880,23150.0,2270.0,10.871647509578544
350,2GMEL,Ardeer - Albion,8202,10949.0,2747.0,33.49183126066813
351,2GMEL,Cairnlea,10206,12216.0,2010.0,19.69429747207525
352,2GMEL,Deer Park - Derrimut,27536,30748.0,3212.0,11.664729808251016
353,2GMEL,Delahey,8841,9378.0,537.0,6.073973532405836
354,2GMEL,Keilor Downs,13943,14457.0,514.0,3.6864376389586173
355,2GMEL,Kings Park (Vic.),14447,16046.0,1599.0,11.068041807987818
356,2GMEL,St Albans - North,21064,26664.0,5600.0,26.585643752373716
357,2GMEL,St Albans - South,18025,21152.0,3127.0,17.348127600554786
358,2GMEL,Sunshine,10241,18418.0,8177.0,79.84571819158285
359,2GMEL,Sunshine North,12123,17261.0,5138.0,42.382248618328795
360,2GMEL,Sunshine West,19533,24132.0,4599.0,23.544770388573184
361,2GMEL,Sydenham,12585,14028.0,1443.0,11.466030989272943
362,2GMEL,Taylors Lakes,18455,18729.0,274.0,1.4846924952587375
363,2GMEL,Altona,13206,16739.0,3533.0,26.752991064667576
364,2GMEL,Altona Meadows,20106,22063.0,1957.0,9.733412911568685
365,2GMEL,Altona North,14787,25727.0,10940.0,73.98390478122676
366,2GMEL,Newport,18523,23377.0,4854.0,26.20525832748475
367,2GMEL,Seabrook,5408,6099.0,691.0,12.777366863905327
368,2GMEL,Williamstown,16389,20139.0,3750.0,22.88120080541827
369,2GMEL,Braybrook,19224,28665.0,9441.0,49.11048689138577
370,2GMEL,Footscray,17343,44492.0,27149.0,156.54154413884564
371,2GMEL,Maribyrnong,12950,25011.0,12061.0,93.13513513513514
372,2GMEL,Seddon - Kingsville,9711,11626.0,1915.0,19.719905262073937
373,2GMEL,West Footscray - Tottenham,12058,15593.0,3535.0,29.31663625808592
374,2GMEL,Yarraville,15656,22077.0,6421.0,41.013030148186
375,2GMEL,Bacchus Marsh,20989,36006.0,15017.0,71.54700080994807
376,2GMEL,Hillside,21305,65225.0,43920.0,206.14879136352968
377,2GMEL,Melton,19560,24674.0,5114.0,26.145194274028633
378,2GMEL,Melton South,24243,70474.0,46231.0,190.69834591428454
379,2GMEL,Melton West,18157,29167.0,11010.0,60.63777055681005
380,2GMEL,Rockbank - Mount Cottrell,3148,65254.0,62106.0,1972.87166454892
381,2GMEL,Taylors Hill,20218,22405.0,2187.0,10.81709367889999
382,2GMEL,Burnside,4943,6487.0,1544.0,31.236091442443858
383,2GMEL,Burnside Heights,6431,7665.0,1234.0,19.188306639713886
384,2GMEL,Caroline Springs,20968,22997.0,2029.0,9.676650133536818
385,2GMEL,Hoppers Crossing - North,20172,21715.0,1543.0,7.6492167360698
386,2GMEL,Hoppers Crossing - South,20220,21782.0,1562.0,7.725024727992087
387,2GMEL,Laverton,9385,15648.0,6263.0,66.73415023974427
388,2GMEL,Tarneit,36404,108005.0,71601.0,196.68443028238656
389,2GMEL,Truganina,24628,49228.0,24600.0,99.88630826701316
390,2GMEL,Werribee - South,11776,28856.0,17080.0,145.04076086956522
391,2GMEL,Wyndham Vale,24270,65947.0,41677.0,171.72229089410794
392,2GMEL,Point Cook - East,12818,23083.0,10265.0,80.08269620845687
393,2GMEL,Point Cook - North,24288,27028.0,2740.0,11.28129117259552
394,2GMEL,Point Cook - South,15147,30303.0,15156.0,100.05941770647652
395,2GMEL,Werribee - East,20643,23681.0,3038.0,14.716853170566294
396,2GMEL,Werribee - West,12283,50393.0,38110.0,310.2662216070992
397,2GMEL,Carrum Downs,21549,26996.0,5447.0,25.27727504756601
398,2GMEL,Frankston,23510,29613.0,6103.0,25.95916631220757
399,2GMEL,Frankston North,19939,22268.0,2329.0,11.680625909022519
400,2GMEL,Frankston South,18995,21423.0,2428.0,12.782311134509081
401,2GMEL,Langwarrin,24694,28684.0,3990.0,16.15777111849032
402,2GMEL,Seaford (Vic.),17151,21408.0,4257.0,24.82071016267273
403,2GMEL,Skye - Sandhurst,13664,15395.0,1731.0,12.668325526932083
404,2GMEL,Dromana,11454,16128.0,4674.0,40.806705081194345
405,2GMEL,Flinders,5642,6110.0,468.0,8.294930875576037
406,2GMEL,Hastings - Somers,22851,29788.0,6937.0,30.357533587151547
407,2GMEL,Mornington,25030,31386.0,6356.0,25.393527766679984
408,2GMEL,Mount Eliza,18696,21470.0,2774.0,14.83739837398374
409,2GMEL,Mount Martha,19365,25179.0,5814.0,30.023237800154916
410,2GMEL,Point Nepean,17999,20061.0,2062.0,11.45619201066726
411,2GMEL,Rosebud - McCrae,21613,27629.0,6016.0,27.835099245824274
412,2GMEL,Somerville,18878,22616.0,3738.0,19.80082635872444
413,2RVIC,Ararat,8386,8679.0,293.0,3.4939184354877173
414,2RVIC,Ararat Region,3198,3013.0,-185.0,-5.784865540963102
415,2RVIC,Horsham,16462,17649.0,1187.0,7.2105454987243345
416,2RVIC,Horsham Region,3443,2969.0,-474.0,-13.7670636073192
417,2RVIC,Nhill Region,6960,5483.0,-1477.0,-21.221264367816094
418,2RVIC,St Arnaud,3353,2624.0,-729.0,-21.7417238294065
419,2RVIC,Stawell,8225,7590.0,-635.0,-7.720364741641338
420,2RVIC,West Wimmera,2782,2127.0,-655.0,-23.544212796549246
421,2RVIC,Yarriambiack,6693,5531.0,-1162.0,-17.36142238159271
422,2RVIC,Irymple,6945,7731.0,786.0,11.317494600431965
423,2RVIC,Merbein,4820,5223.0,403.0,8.360995850622405
424,2RVIC,Mildura Region,3747,3113.0,-634.0,-16.920202828929813
425,2RVIC,Red Cliffs,5947,6585.0,638.0,10.728098200773498
426,2RVIC,Mildura - North,18398,20671.0,2273.0,12.3546037612784
427,2RVIC,Mildura - South,14801,19230.0,4429.0,29.923653807175192
428,2RVIC,Buloke,6285,5015.0,-1270.0,-20.20684168655529
429,2RVIC,Gannawarra,6661,6193.0,-468.0,-7.025972076264825
430,2RVIC,Kerang,3898,3727.0,-171.0,-4.386865059004618
431,2RVIC,Robinvale,3382,3146.0,-236.0,-6.9781194559432285
432,2RVIC,Swan Hill,11079,11962.0,883.0,7.970033396515931
433,2RVIC,Swan Hill Region,6442,5417.0,-1025.0,-15.911207699472213
434,2RVIC,Echuca,14888,16385.0,1497.0,10.055077915099409
435,2RVIC,Kyabram,11034,11305.0,271.0,2.4560449519666485
436,2RVIC,Lockington - Gunbower,3855,3800.0,-55.0,-1.4267185473411155
437,2RVIC,Rochester,3895,4026.0,131.0,3.3632862644415917
438,2RVIC,Rushworth,4076,3726.0,-350.0,-8.58684985279686
439,2RVIC,Cobram,6420,6695.0,275.0,4.283489096573208
440,2RVIC,Moira,2623,2694.0,71.0,2.706824247045368
441,2RVIC,Numurkah,12422,12443.0,21.0,0.16905490259217518
442,2RVIC,Yarrawonga,8021,10553.0,2532.0,31.56713626729834
443,2RVIC,Mooroopna,8033,8419.0,386.0,4.805178638117765
444,2RVIC,Shepparton - North,19007,23820.0,4813.0,25.322249697479876
445,2RVIC,Shepparton - South,23668,30605.0,6937.0,29.30961635964171
446,2RVIC,Shepparton Region - East,3897,3859.0,-38.0,-0.9751090582499358
447,2RVIC,Shepparton Region - West,10279,10796.0,517.0,5.029672147096021
448,2RVIC,Glenelg (Vic.),8778,7650.0,-1128.0,-12.850307587149693
449,2RVIC,Hamilton (Vic.),10081,9772.0,-309.0,-3.065172105941871
450,2RVIC,Portland,10943,11064.0,121.0,1.1057296902129214
451,2RVIC,Southern Grampians,6143,5340.0,-803.0,-13.071789028162137
452,2RVIC,Camperdown,3526,3177.0,-349.0,-9.897901304594441
453,2RVIC,Colac,12450,13516.0,1066.0,8.562248995983936
454,2RVIC,Colac Region,5381,5108.0,-273.0,-5.073406430031593
455,2RVIC,Corangamite - North,5432,4970.0,-462.0,-8.505154639175258
456,2RVIC,Corangamite - South,7274,6723.0,-551.0,-7.57492438823206
457,2RVIC,Otway,3556,3729.0,173.0,4.865016872890888
458,2RVIC,Moyne - East,6709,6977.0,268.0,3.994634073632434
459,2RVIC,Moyne - West,9603,11627.0,2024.0,21.076746849942726
460,2RVIC,Warrnambool - North,21442,26289.0,4847.0,22.60516742841153
461,2RVIC,Warrnambool - South,13173,14046.0,873.0,6.627191983602825
