,Area Name,Lat,Lon,place_id,addr_1,addr-2,Confidence,Municipality,Suburb_geoapify,bbox_lat1,bbox_lat2,bbox_lon1,bbox_lon2
0,Abbotsford,-37.8045508,144.9988542,511d4f159df61f6240593efc4685fbe642c0f00101f901335d240000000000c00205,Abbotsford,Abbotsford,1.0,City of Yarra,Abbotsford,-37.812143,-37.79529,144.9913672,145.015835
1,Airport West,-37.7222576,144.8834942,5195e6a095451c624059cba4e1ef72dc42c0f00101f9015ba3240000000000c00205,Airport West,Airport West,1.0,City of Moonee Valley,Airport West,-37.73467,-37.710812,144.863831,144.893467
2,Albert Park,-37.8452062,144.957105,51d23aaa9aa01e6240592fb07db72fec42c0f00101f9011595240000000000c00205,Albert Park,Albert Park,1.0,City of Port Phillip,Albert Park,-37.853647,-37.837092,144.942731,144.978942
3,Alphington,-37.7803992,145.0308824,51b44016fdfc206240598be9f81ee4e342c0f00101f9018c59240000000000c00205,Alphington,Alphington,1.0,City of Darebin,Alphington,-37.789988,-37.76623,145.019173,145.045267
4,Altona,-37.8602151,144.813703,5107b5dfda091a6240593f0345871bee42c0f00101f90144d9240000000000c00205,Altona,Altona,1.0,City of Hobsons Bay,Altona,-37.881996,-37.844518,144.777726,144.867667
5,Altona Meadows,-37.8814419,144.7845482,5157a4d3041b196240597ce99216d3f042c0f00101f9014dd9240000000000c00205,Altona Meadows,Altona Meadows,1.0,City of Hobsons Bay,Altona Meadows,-37.900054,-37.859043,144.753634,144.808394
6,Altona North,-37.8378229,144.8342853,5113e11577b21a62405981abe1c73deb42c0f00101f90140d9240000000000c00205,Altona North,Altona North,1.0,City of Hobsons Bay,Altona North,-37.852412,-37.82427,144.785132,144.867103
7,Ardeer,-37.7758681,144.8014637,51cc8d3397a5196240593cc159a54fe342c0f00101f901eaf2240000000000c00205,Ardeer,Ardeer,1.0,City of Brimbank,Ardeer,-37.784123,-37.767243,144.791362,144.815355
8,Albion,-37.7763803,144.8160713,5189168f411d1a6240591ce1fe6d60e342c0f00101f901e8f2240000000000c00205,Albion,Albion,1.0,City of Brimbank,Albion,-37.785371,-37.766122,144.805539,144.82792
9,Armadale,-37.8567619,145.0206905,51d09a1f7fa920624059bb7aba5faaed42c0f00101f901328e240000000000c00205,Armadale,Armadale,1.0,City of Stonnington,Armadale,-37.866087,-37.849282,145.008935,145.029933
10,Ascot Vale,-37.7769563,144.9137235,51c6c210393d1d624059e975d54d73e342c0f00101f9019397240000000000c00205,Ascot Vale,Ascot Vale,1.0,City of Moonee Valley,Ascot Vale,-37.789662,-37.770033,144.895812,144.93708
11,Ashburton,-37.8673582,145.0806524,51018b57b494226240596e75ef9705ef42c0f00101f901de8d240000000000c00205,Ashburton,Ashburton,1.0,City of Boroondara,Ashburton,-37.875993,-37.8581,145.061566,145.093667
12,Ashwood,-37.866672,145.1022346,51a1f07e814523624059f12dac1befee42c0f00101f901e88d240000000000c00205,Ashwood,Ashwood,1.0,City of Monash,Ashwood,-37.874198,-37.856642,145.091823,145.112996
13,Chadstone,-37.8822799,145.1001365,5159147651342362405986353a8ceef042c0f00101f9016b90240000000000c00205,Chadstone,Chadstone,1.0,City of Monash,Chadstone,-37.892735,-37.872989,145.089383,145.110735
14,Aspendale Gardens,-38.0221438,145.11984,511618b2bad5236240599367a89bd50243c0f00101f90197f3240000000000c00205,Aspendale Gardens,Aspendale Gardens,1.0,City of Kingston,Aspendale Gardens,-38.033793,-38.011918,145.100635,145.137298
15,Balwyn,-37.8091737,145.0833678,5143d1f2f2aa226240594424f90093e742c0f00101f9016760240000000000c00205,Balwyn,Balwyn,1.0,City of Boroondara,Balwyn,-37.818611,-37.800793,145.061357,145.10488
16,Balwyn North,-37.7919518,145.0842372,5169633612b222624059118134ad5ee542c0f00101f901cd5f240000000000c00205,Balwyn North,Balwyn North,1.0,City of Boroondara,Balwyn North,-37.804705,-37.776936,145.06252,145.108554
17,Bayswater,-37.8454443,145.2647667,513cb203f87828624059788bd18437ec42c0f00101f9015ba9240000000000c00205,Bayswater,Bayswater,1.0,City of Knox,Bayswater,-37.8595855,-37.833033,145.238287,145.287266
18,Bayswater North,-37.8255813,145.28219,5144a852b3072962405937d8e5a5ace942c0f00101f90168a9240000000000c00205,Bayswater North,Bayswater North,1.0,City of Maroondah,Bayswater North,-37.837917,-37.813272,145.258531,145.30583
19,Beaconsfield,-38.0403488,145.3831468,5125f213bd422c624059673744262a0543c0f00101f9012717250000000000c00205,Beaconsfield,Beaconsfield,1.0,Shire of Cardinia,Beaconsfield,-38.065786,-38.013493,145.359199,145.410465
20,Beaumaris,-37.9822122,145.0389098,51cecfc3bf3e21624059b95d1e21b9fd42c0f00101f90112c9240000000000c00205,Beaumaris,Beaumaris,1.0,City of Bayside,Beaumaris,-37.996474,-37.970756,145.023796,145.054235
21,Belgrave,-37.912056,145.3552263,51bba58b035e2b6240596f0f4240bef442c0f00101f901f0fc240000000000c00205,Belgrave,Belgrave,1.0,Shire of Yarra Ranges,Belgrave,-37.925463,-37.89864,145.34003,145.371565
22,Selby,-37.9187608,145.3784097,51a7bfa8ee1b2c624059646c32f499f542c0f00101f901b202250000000000c00205,Selby,Selby,1.0,Shire of Yarra Ranges,Selby,-37.934036,-37.901251,145.359643,145.396767
23,Bentleigh,-37.9185101,145.0409246,5143531b414f21624059d9452cbd91f542c0f00101f901699d240000000000c00205,Bentleigh,Bentleigh,1.0,City of Glen Eira,Bentleigh,-37.934728,-37.91081,145.022458,145.052364
24,McKinnon,-37.9105942,145.03863,51a054fb743c21624059b176ca598ef442c0f00101f901d79a240000000000c00205,McKinnon,McKinnon,1.0,City of Glen Eira,McKinnon,-37.915114,-37.906215,145.024769,145.053407
25,Bentleigh East,-37.9220201,145.0665529,51871e8c33212262405998e02fc104f642c0f00101f901409f240000000000c00205,Bentleigh East,Bentleigh East,1.0,City of Glen Eira,Bentleigh East,-37.938752,-37.905739,145.048612,145.085306
26,Berwick,-38.0403826,145.3481493,510234000a242b624059ea29cd412b0543c0f00101f901db0f250000000000c00205,Berwick,Berwick,1.0,City of Casey,Berwick,-38.079591,-38.004604,145.313312,145.38535
27,Blackburn,-37.8217009,145.152276,51e7feea71df24624059014cbe7e2de942c0f00101f9010678240000000000c00205,Blackburn,Blackburn,1.0,City of Whitehorse,Blackburn,-37.833951,-37.809144,145.136298,145.1677703
28,Blackburn South,-37.8388322,145.1487848,518a4457d8c22462405976ea80da5eeb42c0f00101f901f48d240000000000c00205,Blackburn South,Blackburn South,1.0,City of Whitehorse,Blackburn South,-37.84811,-37.830408,145.133173,145.160069
29,Boronia,-37.8563043,145.2859658,51c9d8bfa126296240594bf619619bed42c0f00101f9010bc8240000000000c00205,Boronia,Boronia,1.0,City of Knox,Boronia,-37.874306,-37.833327,145.250369,145.317974
30,Box Hill,-37.8215116,145.1261267,51e074dc3a09246240596fa4c74a27e942c0f00101f9018860240000000000c00205,Box Hill,Box Hill,1.0,City of Whitehorse,Box Hill,-37.830401,-37.8126,145.112901,145.139453
31,Box Hill North,-37.8056831,145.1295748,51580c0d7a25246240594fb8b29f20e742c0f00101f9018b60240000000000c00205,Box Hill North,Box Hill North,1.0,City of Whitehorse,Box Hill North,-37.815424,-37.795327,145.115804,145.142635
32,Braybrook,-37.7867076,144.8548451,51ab741ce45a1b624059e0c1aad5b2e442c0f00101f901f1ac240000000000c00205,Braybrook,Braybrook,1.0,City of Maribyrnong,Braybrook,-37.799539,-37.769768,144.841783,144.865933
33,Brighton,-37.9081962,144.9957991,515cfc1296dd1f624059fdace8c53ff442c0f00101f9019b9f240000000000c00205,Brighton,Brighton,1.0,City of Bayside,Brighton,-37.932788,-37.883273,144.980034,145.00868
34,Brighton East,-37.9171728,145.0163663,5135689e128620624059f06316eb65f542c0f00101f9019b9d240000000000c00205,Brighton East,Brighton East,1.0,City of Bayside,Brighton East,-37.933027,-37.899821,145.00449,145.034393
35,Broadmeadows,-37.6832769,144.9323037,5113ae916ed51d6240595fce119e75d742c0f00101f9018297240000000000c00205,Broadmeadows,Broadmeadows,1.0,City of Hume,Broadmeadows,-37.69468,-37.663095,144.903279,144.957002
36,Brunswick,-37.7664715,144.9613103,51db79d10dc31e62405975e8f4bc1be242c0f00101f901735d240000000000c00205,Brunswick,Brunswick,1.0,City of Merri-bek,Brunswick,-37.779153,-37.754231,144.948727,144.976983
37,Brunswick East,-37.7688802,144.9776825,51e36bcf2c491f6240595ec598aa6ae242c0f00101f9014d5d240000000000c00205,Brunswick East,Brunswick East,1.0,City of Merri-bek,Brunswick East,-37.780073,-37.756921,144.970155,144.986849
38,Brunswick West,-37.7633334,144.9425563,517164d46b291e624059e578aae8b4e142c0f00101f9019263240000000000c00205,Brunswick West,Brunswick West,1.0,City of Merri-bek,Brunswick West,-37.776768,-37.751073,144.926719,144.95386
39,Bulleen,-37.7688992,145.0871992,519807fa55ca22624059d5f5fa496be242c0f00101f901f257240000000000c00205,Bulleen,Bulleen,1.0,City of Manningham,Bulleen,-37.782612,-37.751372,145.067197,145.104225
40,Bundoora,-37.6982468,145.0596757,51b67b03dde821624059b144b12660d942c0f00101f9017b59240000000000c00205,Bundoora,Bundoora,1.0,City of Banyule,Bundoora,-37.729176,-37.676475,145.02533,145.103656
41,Bunyip,-38.0971242,145.7208993,51b3a6689b11376240593953d7906e0c43c0f00101f901eb6b250000000000c00207,Melbourne VIC 3815,Melbourne VIC 3815,1.0,Shire of Cardinia,,,,,
42,Garfield,-38.0898677,145.676222,51beda519ca335624059be3be8c8800b43c0f00101f901ca6b250000000000c00207,Melbourne VIC 3814,Melbourne VIC 3814,1.0,Shire of Cardinia,,,,,
43,Burnside,-37.749374,144.753027,51294014cc1818624059823cbb7cebdf42c0f00101f9013efc240000000000c00205,Burnside,Burnside,1.0,City of Melton,Burnside,-37.763454,-37.73695,144.742005,144.762936
44,Burnside Heights,-37.7324225,144.7555804,51f56ff2b62d18624059622d3e05c0dd42c0f00101f90143fc240000000000c00205,Burnside Heights,Burnside Heights,1.0,City of Melton,Burnside Heights,-37.742002,-37.723957,144.747748,144.764096
45,Burwood,-37.849578,145.1113915,51ad31e884902362405957b3cef8beec42c0f00101f9010978240000000000c00205,Burwood,Burwood,1.0,City of Whitehorse,Burwood,-37.861087,-37.835978,145.093744,145.133485
46,Burwood East,-37.8535935,145.150423,511e32e543d024624059024a438d42ed42c0f00101f9019a8e240000000000c00205,Burwood East,Burwood East,1.0,City of Whitehorse,Burwood East,-37.862005,-37.845444,145.131405,145.169265
47,Cairnlea,-37.7593157,144.7878098,51fccee5bc3519624059706bc14131e142c0f00101f9019cf3240000000000c00205,Cairnlea,Cairnlea,1.0,City of Brimbank,Cairnlea,-37.771158,-37.746633,144.775247,144.805915
48,Camberwell,-37.8384623,145.0740767,51a97c19d65e22624059e8b68ebb52eb42c0f00101f901f95f240000000000c00205,Camberwell,Camberwell,1.0,City of Boroondara,Camberwell,-37.850827,-37.820448,145.053137,145.098154
49,Campbellfield,-37.6641298,144.959583,51865968e7b41e62405946a68d3402d542c0f00101f901cb8d240000000000c00205,Campbellfield,Campbellfield,1.0,City of Hume,Campbellfield,-37.691005,-37.6414,144.934777,144.977766
50,Carlton,-37.8004228,144.9684343,5164daed69fd1e624059837c1a4174e642c0f00101f901785d240000000000c00205,Carlton,Carlton,1.0,City of Melbourne,Carlton,-37.807923,-37.79226,144.958471,144.975716
51,Carlton North,-37.7845585,144.9728553,51b02770a1211f62405940a6b5696ce442c0f00101f901765d240000000000c00205,Carlton North,Carlton North,1.0,City of Yarra,Carlton North,-37.793226,-37.778043,144.958885,144.978136
52,Carnegie,-37.8933729,145.0559135,51f5bc1b0bca21624059fc500e0b5af242c0f00101f9010595240000000000c00205,Carnegie,Carnegie,1.0,City of Glen Eira,Carnegie,-37.906499,-37.88102,145.04469,145.067459
53,Caroline Springs,-37.7345608,144.7371975,512d26361f971762405938769a1606de42c0f00101f901ac00250000000000c00205,Caroline Springs,Caroline Springs,1.0,City of Melton,Caroline Springs,-37.759443,-37.703304,144.72371,144.750616
54,Carrum,-38.0767264,145.1280098,51291202a81824624059b25eb12bd20943c0f00101f901c300250000000000c00205,Carrum,Carrum,1.0,City of Kingston,Carrum,-38.085061,-38.069162,145.119837,145.136208
55,Patterson Lakes,-38.0694493,145.1432329,51c2a6295d9524624059741df4b6e30843c0f00101f901c100250000000000c00205,Patterson Lakes,Patterson Lakes,1.0,City of Kingston,Patterson Lakes,-38.083451,-38.05158,145.132009,145.156254
56,Carrum Downs,-38.0927904,145.1758001,5146048827a025624059feb04a8ee00b43c0f00101f9011401250000000000c00205,Carrum Downs,Carrum Downs,1.0,City of Frankston,Carrum Downs,-38.126773,-38.067395,145.148873,145.203087
57,Caulfield North,-37.870828,145.0218005,512b51f696b2206240597638ba4a77ef42c0f00101f9019e8e240000000000c00205,Caulfield North,Caulfield North,1.0,City of Glen Eira,Caulfield North,-37.881393,-37.860225,145.007174,145.040152
58,Caulfield South,-37.894699,145.0249323,51a6a3d23ecc20624059c861307f85f242c0f00101f901eb98240000000000c00205,Caulfield South,Caulfield South,1.0,City of Glen Eira,Caulfield South,-37.903287,-37.886034,145.012214,145.037657
59,Chelsea,-38.0497386,145.121407,512dd0ee90e223624059a62c9ed55d0643c0f00101f9018afb240000000000c00205,Chelsea,Chelsea,1.0,City of Kingston,Chelsea,-38.06013,-38.039166,145.110021,145.133213
60,Chelsea Heights,-38.0395381,145.132786,51bceb6cc83f2462405916399f950f0543c0f00101f90189fb240000000000c00205,Chelsea Heights,Chelsea Heights,1.0,City of Kingston,Chelsea Heights,-38.054995,-38.025384,145.123085,145.144567
61,Cheltenham,-37.9634181,145.0615668,519f10f05af821624059eeefc74851fb42c0f00101f901f6ac240000000000c00205,Cheltenham,Cheltenham,1.0,City of Kingston,Cheltenham,-37.976278,-37.947632,145.027258,145.093178
62,Chirnside Park,-37.7385835,145.3143181,514f01d5e40e2a624059bfee74e789de42c0f00101f901f7ac240000000000c00205,Chirnside Park,Chirnside Park,1.0,Shire of Yarra Ranges,Chirnside Park,-37.771659,-37.712187,145.286941,145.342735
63,Clarinda,-37.9431093,145.1060206,51793650856423624059d80638ceb7f842c0f00101f90192a5240000000000c00205,Clarinda,Clarinda,1.0,City of Kingston,Clarinda,-37.959242,-37.926294,145.097167,145.116276
64,Clayton,-37.9173212,145.1304242,516c335f6f2c24624059b8f6f4c76af542c0f00101f9018b9d240000000000c00205,Clayton,Clayton,1.0,City of Monash,Clayton,-37.931386,-37.899152,145.107521,145.151616
65,Clayton South,-37.9430924,145.125236,510589edee0124624059968d7340b7f842c0f00101f901b2a8240000000000c00205,Clayton South,Clayton South,1.0,City of Kingston,Clayton South,-37.961478,-37.927429,145.107109,145.141898
66,Coburg,-37.7449752,144.9643314,51303086cddb1e624059602aec585bdf42c0f00101f901ee86240000000000c00205,Coburg,Coburg,1.0,City of Merri-bek,Coburg,-37.757298,-37.732558,144.946097,144.983291
67,Coburg North,-37.7243476,144.9675198,51706715ecf51e624059d277126cb7dc42c0f00101f901766b240000000000c00205,Coburg North,Coburg North,1.0,City of Merri-bek,Coburg North,-37.736003,-37.718145,144.949464,144.985832
68,Collingwood,-37.802104,144.9881387,512f0d0dd59e1f624059d2fe0758abe642c0f00101f9014e5d240000000000c00205,Collingwood,Collingwood,1.0,City of Yarra,Collingwood,-37.8098688,-37.793896,144.982553,144.993747
69,Craigieburn,-37.5901421,144.9108265,5191ba9d7d251d62405913bfbdc689cb42c0f00101f901b3a5240000000000c00205,Craigieburn,Craigieburn,1.0,City of Hume,Craigieburn,-37.622633,-37.540121,144.8795448,144.965563
70,Cranbourne,-38.1087442,145.2834004,518c35b79d112962405999507754eb0d43c0f00101f9014a0a250000000000c00205,Cranbourne,Cranbourne,1.0,City of Casey,Cranbourne,-38.144837,-38.08072,145.249226,145.295404
71,Cranbourne East,-38.1080912,145.3056221,51ea8dffa7c729624059217eb4eed50d43c0f00101f9010125250000000000c00205,Cranbourne East,Cranbourne East,1.0,City of Casey,Cranbourne East,-38.141713,-38.084514,145.288241,145.324895
72,Cranbourne North,-38.0775184,145.2989039,51b364e99e90296240594c6b781fec0943c0f00101f901440a250000000000c00205,Cranbourne North,Cranbourne North,1.0,City of Casey,Cranbourne North,-38.089242,-38.065814,145.262102,145.335321
73,Cranbourne South,-38.1577683,145.2624214,51a85890c165286240593a6c6cc0311443c0f00101f901530a250000000000c00205,Cranbourne South,Cranbourne South,1.0,City of Casey,Cranbourne South,-38.176717,-38.121693,145.221735,145.291248
74,Cranbourne West,-38.102241,145.2517182,51db9953130e28624059b9a7ab3b160d43c0f00101f901480a250000000000c00205,Cranbourne West,Cranbourne West,1.0,City of Casey,Cranbourne West,-38.124051,-38.077657,145.230532,145.271095
75,Croydon,-37.796309,145.2806024,51bb65e2b1fa2862405957410c74ede542c0f00101f901b4ac240000000000c00205,Croydon,Croydon,1.0,City of Maroondah,Croydon,-37.81339,-37.769276,145.254159,145.308843
76,Croydon Hills,-37.7759541,145.2671081,51e53f49268c286240593b59c57652e342c0f00101f9014ba0240000000000c00205,Croydon Hills,Croydon Hills,1.0,City of Maroondah,Croydon Hills,-37.78357,-37.765171,145.256054,145.276174
77,Croydon South,-37.8150135,145.2736124,51f6b8ca6ec1286240593526c45c52e842c0f00101f90191a8240000000000c00205,Croydon South,Croydon South,1.0,City of Maroondah,Croydon South,-37.821783,-37.809301,145.258895,145.297285
78,Dandenong,-37.98749,145.2147923,51d8fd1994df266240594390831266fe42c0f00101f901d8f2240000000000c00205,Dandenong,Dandenong,1.0,City of Greater Dandenong,Dandenong,-38.003548,-37.967644,145.192098,145.235681
79,Dandenong North,-37.9558319,145.2143234,519038bfbcdb266240599d7c1fb358fa42c0f00101f901d7f2240000000000c00205,Dandenong North,Dandenong North,1.0,City of Greater Dandenong,Dandenong North,-37.972348,-37.937793,145.194896,145.234184
80,Deer Park,-37.7686602,144.7713077,51e5547c8dae18624059505e1a7563e242c0f00101f90182fb240000000000c00205,Deer Park,Deer Park,1.0,City of Brimbank,Deer Park,-37.784299,-37.74977,144.7547779,144.795284
81,Derrimut,-37.7987978,144.776051,51e620e868d518624059f28e9d013fe642c0f00101f9012ff9240000000000c00205,Derrimut,Derrimut,1.0,City of Brimbank,Derrimut,-37.815333,-37.781399,144.750876,144.808093
82,Delahey,-37.7198138,144.7773228,51ed8d10d4df18624059d01acddb22dc42c0f00101f90183fb240000000000c00205,Delahey,Delahey,1.0,City of Brimbank,Delahey,-37.727964,-37.709728,144.764045,144.793291
83,Dingley Village,-37.9755762,145.1256478,510ffa884e0524624059c3e050aedffc42c0f00101f9010fc8240000000000c00205,Dingley Village,Dingley Village,1.0,City of Kingston,Dingley Village,-37.990882,-37.959242,145.109249,145.14601
84,Docklands,-37.8175423,144.9394923,5101eb2752101e6240595ecce039a5e842c0f00101f901ad95240000000000c00205,Docklands,Docklands,1.0,City of Melbourne,Docklands,-37.827023,-37.809249,144.920056,144.955992
85,Doncaster,-37.7848299,145.1238431,51ba0ace85f62362405923b6604e75e442c0f00101f901756b240000000000c00205,Doncaster,Doncaster,1.0,City of Manningham,Doncaster,-37.798797,-37.767267,145.099654,145.145328
86,Doncaster East,-37.7788744,145.1638815,516c5d6a843e2562405987d80528b2e342c0f00101f9011678240000000000c00205,Doncaster East,Doncaster East,1.0,City of Manningham,Doncaster East,-37.80249,-37.74912,145.142326,145.184237
87,Donvale,-37.7898094,145.1914915,51c93ec8b220266240596589737918e542c0f00101f901cf8d240000000000c00205,Donvale,Donvale,1.0,City of Manningham,Donvale,-37.81178,-37.761641,145.167761,145.221305
88,Park Orchards,-37.7756215,145.2162348,513a483e65eb266240598849b89047e342c0f00101f901b98e240000000000c00205,Park Orchards,Park Orchards,1.0,City of Manningham,Park Orchards,-37.792445,-37.759471,145.190376,145.23636
89,Doreen,-37.5963874,145.1428928,51afdaeb9392246240598c5f1d6c56cc42c0f00101f9017e90240000000000c00205,Doreen,Doreen,1.0,Shire of Nillumbik,Doreen,-37.626944,-37.569421,145.102703,145.186936
90,Doveton,-37.9887542,145.2385975,51096d3997a2276240592e64647f8ffe42c0f00101f90147f9240000000000c00205,Doveton,Doveton,1.0,City of Casey,Doveton,-38.001696,-37.965665,145.226571,145.25442
91,Dromana,-38.3418285,144.9655838,518451ff0fe61e6240599d2b4a09c12b43c0f00101f901885a250000000000c00205,Dromana,Dromana,1.0,Shire of Mornington Peninsula,Dromana,-38.359302,-38.304226,144.937249,145.064662
92,East Melbourne,-37.812498,144.9858851,51a3c3e85e8c1f6240595f0839efffe742c0f00101f9013562240000000000c00205,East Melbourne,East Melbourne,1.0,City of Melbourne,East Melbourne,-37.823119,-37.807728,144.971363,144.9913512
93,Edithvale,-38.0375588,145.1149321,5157581586ad23624059a8d60cbace0443c0f00101f90186fb240000000000c00205,Edithvale,Edithvale,1.0,City of Kingston,Edithvale,-38.045971,-38.029545,145.104347,145.125911
94,Aspendale,-38.0219105,145.1024159,51e5a2b5fd4623624059317898f6cd0243c0f00101f90199f3240000000000c00205,Aspendale,Aspendale,1.0,City of Kingston,Aspendale,-38.034901,-38.009169,145.084326,145.118447
95,Elsternwick,-37.8858425,145.0070152,5166d2f077392062405915747b4963f142c0f00101f9019497240000000000c00205,Elsternwick,Elsternwick,1.0,City of Glen Eira,Elsternwick,-37.896685,-37.876917,144.996745,145.01631
96,Eltham,-37.7175064,145.1601523,51225cb7f71f25624059d955ed3fd7db42c0f00101f9019060240000000000c00205,Eltham,Eltham,1.0,Shire of Nillumbik,Eltham,-37.74089,-37.688398,145.131606,145.194983
97,Elwood,-37.8788568,144.9855487,51b1636d9d891f62405901ef2e617ef042c0f00101f901b299240000000000c00205,Elwood,Elwood,1.0,City of Port Phillip,Elwood,-37.891737,-37.870301,144.974464,144.997052
98,Emerald,-37.9321008,145.4407216,5181542f641a2e624059a8493a144ff742c0f00101f9011c17250000000000c00205,Emerald,Emerald,1.0,Shire of Cardinia,Emerald,-37.982983,-37.881924,145.382168,145.486696
99,Cockatoo,-37.9299135,145.5127551,516e2b627d6830624059f04dd36707f742c0f00101f901852b250000000000c00207,Melbourne VIC 3781,Melbourne VIC 3781,1.0,Shire of Cardinia,,,,,
100,Endeavour Hills,-37.9702665,145.2563443,518320f6f83328624059c3f352b131fc42c0f00101f901b4f3240000000000c00205,Endeavour Hills,Endeavour Hills,1.0,City of Casey,Endeavour Hills,-37.996118,-37.9418953,145.229194,145.282505
101,Epping,-37.639111,145.0266224,51ea2a3817da20624059c6c1a563ced142c0f00101f9011987240000000000c00205,Epping,Epping,1.0,City of Whittlesea,Epping,-37.661433,-37.615294,144.952795,145.066194
102,Essendon,-37.7498293,144.9109062,512857c224261d624059928a1068fadf42c0f00101f9010495240000000000c00205,Essendon,Essendon,1.0,City of Moonee Valley,Essendon,-37.7611179,-37.737328,144.889476,144.935049
103,Essendon West,-37.7528304,144.8845846,5173f15c844e1c624059a1b71dbf5ce042c0f00101f90115a0240000000000c00205,Essendon West,Essendon West,1.0,City of Moonee Valley,Essendon West,-37.761963,-37.747882,144.877065,144.890431
104,Fawkner,-37.7052065,144.9696144,516237c714071f6240599c36e33444da42c0f00101f9013587240000000000c00205,Fawkner,Fawkner,1.0,City of Merri-bek,Fawkner,-37.7201904,-37.689425,144.956284,144.982511
105,Fitzroy,-37.8010382,144.9792611,51d7d75f1b561f62405961ec736b88e642c0f00101f9015c5d240000000000c00205,Fitzroy,Fitzroy,1.0,City of Yarra,Fitzroy,-37.808922,-37.792913,144.973188,144.985143
106,Fitzroy North,-37.7833316,144.9837074,51a9faf0877a1f62405930f6b93544e442c0f00101f901345d240000000000c00205,Fitzroy North,Fitzroy North,1.0,City of Yarra,Fitzroy North,-37.793896,-37.773001,144.97574,144.9956
107,Flemington,-37.7867587,144.9193668,51e760ec736b1d624059f72b5382b4e442c0f00101f9018697240000000000c00205,Flemington,Flemington,1.0,City of Melbourne,Flemington,-37.795156,-37.77939,144.902609,144.940255
108,Flemington Bridge,-37.787464,144.912779,51382f4e7c351d6240598063cf9ecbe442c0c00208e2031e77686f736f6e66697273743a6c6f63616c6974793a313031393332393433,Flemington,Flemington,0.9,,,,,,
109,Flinders,-38.473312,145.0187057,51f637b23c9920624059f566d47c953c43c0f00101f9014468250000000000c00208,Melbourne,Melbourne,1.0,Shire of Mornington Peninsula,,,,,
110,Footscray,-37.7981339,144.897345,515587dc0cb71c6240591b2a6b4029e642c0f00101f901a59d240000000000c00205,Footscray,Footscray,1.0,City of Maribyrnong,Footscray,-37.815295,-37.786363,144.87928,144.916504
111,Forest Hill,-37.8362738,145.1690911,516e11bd31692562405936c016050beb42c0f00101f901628e240000000000c00205,Forest Hill,Forest Hill,1.0,City of Whitehorse,Forest Hill,-37.854838,-37.8279207,145.156887,145.185176
112,Frankston,-38.1444729,145.1268808,51b1cf52680f24624059425486167e1243c0f00101f901f20a250000000000c00205,Frankston,Frankston,1.0,City of Frankston,Frankston,-38.176899,-38.124857,145.109455,145.173389
113,Frankston North,-38.1228524,145.1609788,512e2b03bd2625624059181ea0a0b90f43c0f00101f901f00a250000000000c00205,Frankston North,Frankston North,1.0,City of Frankston,Frankston North,-38.140521,-38.112735,145.139332,145.181946
114,Frankston South,-38.1765027,145.1295641,518b879c632524624059ee13f6a3971643c0f00101f901f40a250000000000c00205,Frankston South,Frankston South,1.0,City of Frankston,Frankston South,-38.200079,-38.150937,145.098034,145.161268
115,Gisborne,-37.486723,144.5904237,5111493ec0e412624059029b73f04cbe42c0f00101f901773b250000000000c00207,Gisborne VIC 3437,Gisborne VIC 3437,1.0,Shire of Macedon Ranges,,,,,
116,Gladstone Park,-37.6898311,144.8944658,517fccbd769f1c624059c121af624cd842c0f00101f901bd9d240000000000c00205,Gladstone Park,Gladstone Park,1.0,City of Hume,Gladstone Park,-37.704592,-37.680489,144.88206,144.907333
117,Glen Iris,-37.855814,145.0646117,510c4e8e4c1122624059bfba2a508bed42c0f00101f9014f62240000000000c00205,Glen Iris,Glen Iris,1.0,City of Boroondara,Glen Iris,-37.86753,-37.845408,145.039721,145.095537
118,Glen Waverley,-37.8816255,145.1681838,51f216fec26125624059eae8b81ad9f042c0f00101f901359d240000000000c00205,Glen Waverley,Glen Waverley,1.0,City of Monash,Glen Waverley,-37.904875,-37.859769,145.142933,145.200315
119,Glenroy,-37.7028199,144.9275403,511bc7fe68ae1d6240592fbda200f6d942c0f00101f901b495240000000000c00205,Glenroy,Glenroy,1.0,City of Merri-bek,Glenroy,-37.716267,-37.69193,144.898012,144.959267
120,Gowanbrae,-37.7027183,144.8975976,51fb1e9a1eb91c6240597e665aacf2d942c0f00101f901009b240000000000c00205,Gowanbrae,Gowanbrae,1.0,City of Merri-bek,Gowanbrae,-37.710101,-37.693849,144.889344,144.907021
121,Greensborough,-37.6988474,145.1074004,5179b2f6d26f2362405983f2e3d473d942c0f00101f901d75f240000000000c00205,Greensborough,Greensborough,1.0,City of Banyule,Greensborough,-37.720332,-37.679203,145.067839,145.134602
122,Greenvale,-37.6377329,144.8810975,51cc6262f3311c624059a88a4e3ba1d142c0f00101f90124b7240000000000c00205,Greenvale,Greenvale,1.0,City of Hume,Greenvale,-37.666298,-37.6034678,144.83391,144.915412
123,Hadfield,-37.7101582,144.9502764,5124850daa681e6240593dfec176e6da42c0f00101f9013c8e240000000000c00205,Hadfield,Hadfield,1.0,City of Merri-bek,Hadfield,-37.7192129,-37.701585,144.936495,144.9629776
124,Hallam,-38.0074845,145.268858,5193a8177c9a286240590b5d8940f50043c0f00101f9017bfc240000000000c00205,Hallam,Hallam,1.0,City of Casey,Hallam,-38.021644,-37.986961,145.248995,145.289526
125,Hampton,-37.937671,145.0086789,514af5f81847206240592db4739a05f842c0f00101f90192a8240000000000c00205,Hampton,Hampton,1.0,City of Bayside,Hampton,-37.946992,-37.92871,144.992117,145.025241
126,Hampton Park,-38.0367368,145.2590312,519994ccfb4928624059a4479dcab30443c0f00101f9014a02250000000000c00205,Hampton Park,Hampton Park,1.0,City of Casey,Hampton Park,-38.06758,-38.017012,145.246697,145.288567
127,Lynbrook,-38.0558639,145.2561128,51c9827813322862405975c35b8c260743c0f00101f901e409250000000000c00205,Lynbrook,Lynbrook,1.0,City of Casey,Lynbrook,-38.077663,-38.035661,145.245145,145.26621
128,Hastings,-38.3077183,145.1905044,51d0f7ae9c1826624059bb703150632743c0f00101f901d941250000000000c00207,Melbourne VIC 3915,Melbourne VIC 3915,1.0,Shire of Mornington Peninsula,,,,,
129,Somers,-38.3923474,145.1726499,510c4515598625624059d7d58970383243c0f00101f9018067250000000000c00205,Somers,Somers,1.0,Shire of Mornington Peninsula,Somers,-38.401123,-38.360075,145.131605,145.196241
130,Hawthorn,-37.8244246,145.0317207,51662321db03216240594a82cbbe86e942c0f00101f901d461240000000000c00205,Hawthorn,Hawthorn,1.0,City of Boroondara,Hawthorn,-37.84509,-37.812143,145.014379,145.046875
131,Hawthorn East,-37.8313785,145.0499797,51d81e076f99216240597c0c569c6aea42c0f00101f901ff5f240000000000c00205,Hawthorn East,Hawthorn East,1.0,City of Boroondara,Hawthorn East,-37.848124,-37.815832,145.040283,145.059356
132,Heidelberg,-37.7524788,145.0701284,51aa10ea7d3e226240597777ae3951e042c0f00101f901ba4f240000000000c00205,Heidelberg,Heidelberg,1.0,City of Banyule,Heidelberg,-37.760345,-37.7424,145.055726,145.086246
133,Heidelberg West,-37.7382431,145.0433922,51d9fc09786321624059b37ff9bf7ede42c0f00101f901f54f240000000000c00205,Heidelberg West,Heidelberg West,1.0,City of Banyule,Heidelberg West,-37.751137,-37.727324,145.031987,145.058155
134,Hillside,-37.846509999999995,147.51474312458572,51f8bd92c6787062405954de8e705aec42c0f00101f901dc6bb20000000000c00206,Hillside,Hillside,1.0,,,,,,
135,Hoppers Crossing,-37.8665704,144.6949625,51492eff213d1662405940d763c7ebee42c0f00101f9017a02250000000000c00205,Hoppers Crossing,Hoppers Crossing,1.0,City of Wyndham,Hoppers Crossing,-37.89162,-37.846375,144.664452,144.736622
136,Hughesdale,-37.8995028,145.0811583,5191894ad99822624059895462e822f342c0f00101f9014e97240000000000c00205,Hughesdale,Hughesdale,1.0,City of Monash,Hughesdale,-37.909497,-37.887152,145.074207,145.088226
137,Hurstbridge,-37.6375848,145.1943394,5160ea420738266240599e36f4609cd142c0f00101f9018d97240000000000c00205,Hurstbridge,Hurstbridge,1.0,Shire of Nillumbik,Hurstbridge,-37.658254,-37.615708,145.166076,145.227324
138,Ivanhoe,-37.7690312,145.0430809,51a21232eb602162405944cd469d6fe242c0f00101f9016959240000000000c00205,Ivanhoe,Ivanhoe,1.0,City of Banyule,Ivanhoe,-37.785092,-37.751137,145.027828,145.063662
139,Ivanhoe East,-37.7733903,145.0617815,51ee3f321dfa2162405996c50e74fee242c0f00101f9014c58240000000000c00205,Ivanhoe East,Ivanhoe East,1.0,City of Banyule,Ivanhoe East,-37.783734,-37.765308,145.049027,145.07669
140,Keilor,-37.7113545,144.8250696,51909d5cf8661a62405964ae0caa0ddb42c0f00101f9017ba9240000000000c00205,Keilor,Keilor,1.0,City of Brimbank,Keilor,-37.733857,-37.684261,144.801585,144.848199
141,Keilor Downs,-37.7205762,144.8047614,51a9c2fa9ac01962405952a346d73bdc42c0f00101f90184a9240000000000c00205,Keilor Downs,Keilor Downs,1.0,City of Brimbank,Keilor Downs,-37.72968,-37.711229,144.782059,144.824811
142,Keilor East,-37.739339,144.8591851,51bc36c0717e1b62405924d40ca9a2de42c0f00101f9016fa9240000000000c00205,Keilor East,Keilor East,1.0,City of Moonee Valley,Keilor East,-37.752845,-37.720619,144.828649,144.882366
143,Kensington,-37.7943554,144.9270487,5194090962aa1d62405954331070ade542c0f00101f9012b97240000000000c00205,Kensington,Kensington,1.0,City of Melbourne,Kensington,-37.802362,-37.787402,144.912948,144.937826
144,Kew,-37.8033586,145.0333285,51cb30ee061121624059edfa6074d4e642c0f00101f901ee5f240000000000c00205,Kew,Kew,1.0,City of Boroondara,Kew,-37.817373,-37.785572,144.999264,145.06252
145,Kew East,-37.7904215,145.0527906,512991e975b02162405913471e882ce542c0f00101f901d25f240000000000c00205,Kew East,Kew East,1.0,City of Boroondara,Kew East,-37.801191,-37.779864,145.037185,145.064977
146,Keysborough,-38.0053607,145.1674069,51fe13b7655b256240598297cfa8af0043c0f00101f9018ff3240000000000c00205,Keysborough,Keysborough,1.0,City of Greater Dandenong,Keysborough,-38.032846,-37.979907,145.137298,145.194741
147,Kilsyth,-37.8037844,145.3134593,511144ccdb072a6240597a843f68e2e642c0f00101f901fec8240000000000c00205,Kilsyth,Kilsyth,1.0,Shire of Yarra Ranges,Kilsyth,-37.846636,-37.791727,145.296463,145.339921
148,Kings Park,-37.7337122,144.7719526,51fd61f0d5b3186240598ed60748eadd42c0f00101f9018efb240000000000c00205,Kings Park,Kings Park,1.0,City of Brimbank,Kings Park,-37.741953,-37.725558,144.762394,144.782007
149,Kingsbury,-37.715569,145.0355601,515c51ef4e23216240590684d6c397db42c0f00101f901d05f240000000000c00205,Kingsbury,Kingsbury,1.0,City of Darebin,Kingsbury,-37.721969,-37.711998,145.021993,145.045128
150,Knoxfield,-37.8897731,145.2496342,51d29edc00fd2762405926aebe15e4f142c0f00101f901feb6240000000000c00205,Knoxfield,Knoxfield,1.0,City of Knox,Knoxfield,-37.905232,-37.868309,145.232684,145.263178
151,Koo Wee Rup,-38.1990553,145.492854,517d76c075c52f62405938cce1a47a1943c0f00101f901d360250000000000c00207,Melbourne VIC 3981,Melbourne VIC 3981,1.0,Shire of Cardinia,,,,,
152,Lalor,-37.662922,145.003955,51fb743c66202062405943e6caa0dad442c0f00101f901f386240000000000c00205,Lalor,Lalor,1.0,City of Whittlesea,Lalor,-37.677241,-37.654733,144.972121,145.045351
153,Langwarrin,-38.1545829,145.1973931,51989e550b5126624059ab025a5fc91343c0f00101f9014617250000000000c00205,Langwarrin,Langwarrin,1.0,City of Frankston,Langwarrin,-38.184924,-38.123558,145.161268,145.229538
154,Laverton,-37.8593822,144.7671404,51172e066a8c18624059dce1653c00ee42c0f00101f90171f9240000000000c00205,Laverton,Laverton,1.0,City of Hobsons Bay,Laverton,-37.869798,-37.844172,144.750444,144.785132
155,Lilydale,-37.7576639,145.352405,514dbed9e6462b6240590eee7321fbe042c0f00101f9015df9240000000000c00205,Lilydale,Lilydale,1.0,Shire of Yarra Ranges,Lilydale,-37.797088,-37.726472,145.329938,145.413302
156,Lynbrook,-38.0558639,145.2561128,51c9827813322862405975c35b8c260743c0f00101f901e409250000000000c00205,Lynbrook,Lynbrook,1.0,City of Casey,Lynbrook,-38.077663,-38.035661,145.245145,145.26621
157,Lysterfield,-37.9348771,145.3017588,51f7281202a829624059c123850daaf742c0f00101f901b6f3240000000000c00205,Lysterfield,Lysterfield,1.0,Shire of Yarra Ranges,Lysterfield,-37.967844,-37.900346,145.265151,145.336514
158,Macedon,-37.4214267,144.5636447,510a229c600912624059a214634ff1b542c0f00101f9015959250000000000c00207,Macedon VIC 3440,Macedon VIC 3440,1.0,Shire of Macedon Ranges,,,,,
159,Malvern,-37.8576088,145.0350666,51d285fd431f2162405983610a20c6ed42c0f00101f9011a78240000000000c00205,Malvern,Malvern,1.0,City of Stonnington,Malvern,-37.873108,-37.84377,145.026852,145.044466
160,Malvern East,-37.876835,145.0658739,511fc594a31b226240597c7e18213cf042c0f00101f901388e240000000000c00205,Malvern East,Malvern East,1.0,City of Stonnington,Malvern East,-37.892976,-37.863473,145.037065,145.092201
161,Maribyrnong,-37.7695144,144.8902049,51a587fc8e7c1c62405989e6a6727fe242c0f00101f901c39d240000000000c00205,Maribyrnong,Maribyrnong,1.0,City of Maribyrnong,Maribyrnong,-37.789011,-37.755825,144.870577,144.904112
162,Meadow Heights,-37.6511668,144.9185521,5182a55fc7641d624059d81e076f59d342c0f00101f901e79a240000000000c00205,Meadow Heights,Meadow Heights,1.0,City of Hume,Meadow Heights,-37.66379,-37.638249,144.905941,144.931582
163,Melton,-37.6835714,144.5828446,51cef4b7a9a6126240598fbd83447fd742c0f00101f9017c2b250000000000c00208,Melbourne,Melbourne,1.0,City of Melton,,,,,
164,Melton South,-37.7060279,144.5717723,5147286cf54b1262405923484a1f5fda42c0f00101f9010838250000000000c00205,Melton South,Melton South,1.0,City of Melton,Melton South,-37.720649,-37.690213,144.549541,144.584934
165,Melton West,-37.6798651,144.5528895,51a8195245b1116240598c18d1d105d742c0f00101f901353b250000000000c00205,Melton West,Melton West,1.0,City of Melton,Melton West,-37.690213,-37.666849,144.512068,144.570269
166,Mentone,-37.9813669,145.0689511,51bef0efd834226240593e703a6e9dfd42c0f00101f901e8c6240000000000c00205,Mentone,Mentone,1.0,City of Kingston,Mentone,-37.9949262,-37.973487,145.051696,145.095327
167,Mernda,-37.5921097,145.0819562,518bd69b629f226240597b922a40cacb42c0f00101f9017c90240000000000c00205,Mernda,Mernda,1.0,City of Whittlesea,Mernda,-37.617124,-37.567356,145.050591,145.118531
168,Mickleham,-37.5344793,144.9120372,518857a3682f1d624059caf154d169c442c0f00101f90184fb240000000000c00205,Mickleham,Mickleham,1.0,City of Hume,Mickleham,-37.5912096,-37.502067,144.84833,144.950012
169,Mill Park,-37.6641334,145.0642681,51a275f97b0e226240593497c05202d542c0f00101f901786b240000000000c00205,Mill Park,Mill Park,1.0,City of Whittlesea,Mill Park,-37.679171,-37.649176,145.035538,145.094586
170,Mitcham,-37.8175796,145.1976295,5132e719fb52266240593af0c572a6e842c0f00101f9015190240000000000c00205,Mitcham,Mitcham,1.0,City of Whitehorse,Mitcham,-37.831271,-37.802628,145.18447,145.213526
171,Monbulk,-37.8741771,145.4286024,51965f611cb72d624059c0b40309e5ef42c0f00101f9013e0a250000000000c00205,Monbulk,Monbulk,1.0,Shire of Yarra Ranges,Monbulk,-37.899176,-37.850879,145.39159,145.458868
172,Montmorency,-37.7189715,145.1256231,51e943bc1a0524624059c7a0134207dc42c0f00101f901cf5f240000000000c00205,Montmorency,Montmorency,1.0,City of Banyule,Montmorency,-37.731893,-37.70868,145.110283,145.137788
173,Montrose,-37.8106247,145.3421513,51167948e7f22a62405937ead78cc2e742c0f00101f901abf3240000000000c00205,Montrose,Montrose,1.0,Shire of Yarra Ranges,Montrose,-37.847435,-37.786969,145.322912,145.37469
174,Moonee Ponds,-37.765575,144.9212864,51fdc79d2d7b1d6240594ed1915cfee142c0f00101f9017997240000000000c00205,Moonee Ponds,Moonee Ponds,1.0,City of Moonee Valley,Moonee Ponds,-37.773817,-37.756937,144.901021,144.938477
175,Moorabbin,-37.9414646,145.0578383,5199deb4cfd921624059beab79e981f842c0f00101f9015ca3240000000000c00205,Moorabbin,Moorabbin,1.0,City of Kingston,Moorabbin,-37.94984,-37.933028,145.034401,145.079533
176,Heatherton,-37.9560844,145.0932067,5194089e8cfb226240599f1b3ff960fa42c0f00101f901b4a8240000000000c00205,Heatherton,Heatherton,1.0,City of Kingston,Heatherton,-37.972272,-37.938752,145.075447,145.112058
177,Mooroolbark,-37.7813447,145.3256732,51e1e533ea6b2a62405993b3661a03e442c0f00101f90122c8240000000000c00205,Mooroolbark,Mooroolbark,1.0,Shire of Yarra Ranges,Mooroolbark,-37.802756,-37.758438,145.298161,145.353502
178,Mordialloc,-37.9993584,145.0960708,51380312031323624059cf7ddef9eaff42c0f00101f901e0f2240000000000c00205,Mordialloc,Mordialloc,1.0,City of Kingston,Mordialloc,-38.011918,-37.984784,145.081026,145.109249
179,Parkdale,-37.9918673,145.081286,51edf318e5992262405965bcf781f5fe42c0f00101f9013fd9240000000000c00205,Parkdale,Parkdale,1.0,City of Kingston,Parkdale,-38.005217,-37.982185,145.0687053,145.094263
180,Mornington,-38.2197962,145.0412592,511855d0fe51216240597d642948221c43c0f00101f901682b250000000000c00205,Mornington,Mornington,1.0,Shire of Mornington Peninsula,Mornington,-38.254658,-38.200927,145.025265,145.099241
181,Mount Dandenong,-37.8321508,145.3551849,510f31b9ac5d2b6240598dabdbea83ea42c0f00101f90169f9240000000000c00205,Mount Dandenong,Mount Dandenong,1.0,Shire of Yarra Ranges,Mount Dandenong,-37.853537,-37.818975,145.332124,145.370001
182,Mount Eliza,-38.1837759,145.0892789,5122776c5fdb226240598025fcf7851743c0f00101f901df1e250000000000c00205,Mount Eliza,Mount Eliza,1.0,Shire of Mornington Peninsula,Mount Eliza,-38.224989,-38.162592,145.061002,145.12875
183,Mount Evelyn,-37.7873186,145.3883037,514e8de1fb6c2c62405929441bdbc6e442c0f00101f90112fc240000000000c00205,Mount Evelyn,Mount Evelyn,1.0,Shire of Yarra Ranges,Mount Evelyn,-37.808785,-37.764101,145.359381,145.418644
184,Mount Martha,-38.2754676,145.0307737,5176622019fc20624059c68db685422343c0f00101f901e83a250000000000c00205,Mount Martha,Mount Martha,1.0,Shire of Mornington Peninsula,Mount Martha,-38.304776,-38.242807,144.982787,145.078918
185,Mount Waverley,-37.8783923,145.1284919,51a1890b9b1c2462405974c7ac286ff042c0f00101f9011795240000000000c00205,Mount Waverley,Mount Waverley,1.0,City of Monash,Mount Waverley,-37.901255,-37.855514,145.106148,145.150753
186,Mulgrave,-37.9261741,145.1723107,5107a8ba9183256240597cf376df8cf642c0f00101f90109b7240000000000c00205,Mulgrave,Mulgrave,1.0,City of Monash,Mulgrave,-37.940148,-37.902615,145.147538,145.220125
187,Murrumbeena,-37.8968653,145.0703808,5186483c8f402262405968356e7bccf242c0f00101f9011f95240000000000c00205,Murrumbeena,Murrumbeena,1.0,City of Glen Eira,Murrumbeena,-37.908145,-37.884599,145.060351,145.078183
188,Narre Warren,-38.017956,145.3058481,516661f481c9296240592c62d8614c0243c0f00101f901af00250000000000c00205,Narre Warren,Narre Warren,1.0,City of Casey,Narre Warren,-38.045817,-37.99529,145.284802,145.331448
189,Narre Warren South,-38.05439,145.3028513,51a2a135f5b0296240595e9d6340f60643c0f00101f901b300250000000000c00205,Narre Warren South,Narre Warren South,1.0,City of Casey,Narre Warren South,-38.074511,-38.024708,145.279769,145.335797
190,Narre Warren East,-37.9627116,145.361856,5190bb0853942b6240596bbd3a223afb42c0f00101f901ae00250000000000c00205,Narre Warren East,Narre Warren East,1.0,Shire of Yarra Ranges,Narre Warren East,-37.975111,-37.950445,145.319241,145.388284
191,Newport,-37.8435966,144.8804797,515789c3e32c1c624059260230f9faeb42c0f00101f9019ea8240000000000c00205,Newport,Newport,1.0,City of Hobsons Bay,Newport,-37.857907,-37.83308,144.860986,144.90555
192,Noble Park North,-37.9512702,145.1908377,51010baa571b266240596754cf38c3f942c0f00101f9014eb7240000000000c00205,Noble Park North,Noble Park North,1.0,City of Greater Dandenong,Noble Park North,-37.967764,-37.936497,145.175881,145.201903
193,Noble Park,-37.9695376,145.176703,515dc30c8da725624059051fdece19fc42c0f00101f90155b7240000000000c00205,Noble Park,Noble Park,1.0,City of Greater Dandenong,Noble Park,-37.984443,-37.947534,145.15839,145.19717
194,North Melbourne,-37.7985747,144.9451741,51d710c1dd3e1e624059def41db237e642c0f00101f9015662240000000000c00205,North Melbourne,North Melbourne,1.0,City of Melbourne,North Melbourne,-37.8061571,-37.787463,144.935279,144.9585099
195,Northcote,-37.7728157,145.0009469,510b11cbc10720624059edaaf69febe242c0f00101f901af59240000000000c00205,Northcote,Northcote,1.0,City of Darebin,Northcote,-37.785645,-37.758947,144.980812,145.017796
196,Nunawading,-37.8172638,145.1765591,51f509455fa625624059339aa6199ce842c0f00101f9011978240000000000c00205,Nunawading,Nunawading,1.0,City of Whitehorse,Nunawading,-37.8326027,-37.801221,145.163924,145.189118
197,Oakleigh,-37.9007001,145.0956739,5196f2b5c20f23624059818010244af342c0f00101f9011e95240000000000c00205,Oakleigh,Oakleigh,1.0,City of Monash,Oakleigh,-37.911595,-37.886995,145.085148,145.106998
198,Ormond,-37.9039946,145.0432907,5112972da362216240595b615518b6f342c0f00101f901ab99240000000000c00205,Ormond,Ormond,1.0,City of Glen Eira,Ormond,-37.909629,-37.896808,145.025822,145.054687
199,Glen Huntly,-37.8923791,145.0413689,514a12dfe452216240592411757a39f242c0f00101f901b295240000000000c00205,Glen Huntly,Glen Huntly,1.0,City of Glen Eira,Glen Huntly,-37.898201,-37.886282,145.036139,145.046128
200,Pakenham,-38.079153,145.4833359,51726fd97c772f624059ad307daf210a43c0f00101f901f237250000000000c00205,Pakenham,Pakenham,1.0,Shire of Cardinia,Pakenham,-38.12686,-38.015257,145.430803,145.544793
201,Parkville,-37.7871148,144.9515533,51d4fce71f731e6240594a19822dc0e442c0f00101f901825d240000000000c00205,Parkville,Parkville,1.0,City of Melbourne,Parkville,-37.800426,-37.773817,144.936339,144.965205
202,Pascoe Vale,-37.7250777,144.9379604,512e5e87c5031e6240598a479858cfdc42c0f00101f9016890240000000000c00205,Pascoe Vale,Pascoe Vale,1.0,City of Merri-bek,Pascoe Vale,-37.735678,-37.71372,144.919472,144.952191
203,Pascoe Vale South,-37.7434265,144.9384767,51dbd14900081e624059683d7c9928df42c0f00101f901c68f240000000000c00205,Pascoe Vale South,Pascoe Vale South,1.0,City of Merri-bek,Pascoe Vale South,-37.753336,-37.732974,144.925781,144.949592
204,Pearcedale,-38.2015815,145.242198,5103250516c02762405944fd2e6ccd1943c0f00101f901ef37250000000000c00205,Pearcedale,Pearcedale,1.0,City of Casey,Pearcedale,-38.225207,-38.168986,145.196645,145.286882
205,Tooradin,-38.2138303,145.3816827,515e3ea3be362c6240596ab290ca5e1b43c0f00101f9018b3b250000000000c00208,Melbourne,Melbourne,1.0,City of Casey,,,,,
206,Plenty,-37.6674499,145.1123773,51028a47989823624059f71b92ff6ed542c0f00101f901976b240000000000c00205,Plenty,Plenty,1.0,Shire of Nillumbik,Plenty,-37.682921,-37.647969,145.083415,145.138315
207,Yarrambat,-37.6375473,145.1349293,51b65840575124624059999361269bd142c0f00101f901e786240000000000c00205,Yarrambat,Yarrambat,1.0,Shire of Nillumbik,Yarrambat,-37.658385,-37.617464,145.101553,145.170548
208,Point Cook,-37.9064862,144.7533059,51488cf9141b186240593ea363bd07f442c0f00101f9010302250000000000c00205,Point Cook,Point Cook,1.0,City of Wyndham,Point Cook,-37.941393,-37.869457,144.70431,144.804121
209,Point Nepean,-35.7442168,137.759257,514a0856d54b386140591f91007f42df41c0f00102f901ad0e780100000000c00204920313506f696e74204d6f727269736f6e20526f6164,Point Morrison Road,Point Morrison Road,0.7290000000000001,,,,,,
210,Port Melbourne,-37.8333613,144.9219203,519840005f801d62405943a04495abea42c0f00101f901ab9d240000000000c00205,Port Melbourne,Port Melbourne,1.0,City of Port Phillip,Port Melbourne,-37.849482,-37.818967,144.896981,144.9497184
211,Prahran,-37.8519135,145.0005993,51d1bcd2e80420624059adc266800bed42c0f00101f901768e240000000000c00205,Prahran,Prahran,1.0,City of Stonnington,Prahran,-37.860173,-37.845688,144.984201,145.012314
212,Preston,-37.7418658,145.0078205,51a1f7c6104020624059ac826275f5de42c0f00101f9016f60240000000000c00205,Preston,Preston,1.0,City of Darebin,Preston,-37.755732,-37.727557,144.979763,145.0384
213,Research,-37.7066557,145.189067,5117b83cd60c266240591884a8b173da42c0f00101f901e186240000000000c00205,Research,Research,1.0,Shire of Nillumbik,Research,-37.72545,-37.686077,145.164085,145.212387
214,North Warrandyte,-37.7236286,145.2087814,516ba05456ae26624059a2b9a9dc9fdc42c0f00101f901a88e240000000000c00205,North Warrandyte,North Warrandyte,1.0,Shire of Nillumbik,North Warrandyte,-37.741794,-37.71074,145.188829,145.243207
215,Reservoir East,-37.720098300000004,145.02251427026897,51f4cfd86fb820624059de335c2e2cdc42c0f00102f901fe38b30100000000c0020192031d5265736572766f69722045617374205072696d617279205363686f6f6c,Reservoir East Primary School,Reservoir East Primary School,0.9,City of Darebin,Reservoir,-37.7209857,-37.7194348,145.0212244,145.0240682
216,Reservoir West,-37.7229788,144.99019125788044,5136ac93a5af1f624059c5d9be918adc42c0f00102f9013213b00100000000c0020192031d5265736572766f69722057657374205072696d617279205363686f6f6c,Reservoir West Primary School,Reservoir West Primary School,0.9,City of Darebin,Reservoir,-37.7236841,-37.7219063,144.9894003,144.9910434
217,Richmond,-37.8203955,145.0025153,51ab67f79a14206240598d2441b802e942c0f00101f9013262240000000000c00205,Richmond,Richmond,1.0,City of Yarra,Richmond,-37.834522,-37.8096258,144.9888299,145.016871
218,Riddells Creek,-37.4587733,144.6776503,51fd93ae4faf1562405995e35f15b9ba42c0f00103f901db13f91f00000000c0020792030e52696464656c6c7320437265656b,Riddells Creek,Riddells Creek,1.0,Shire of Macedon Ranges,,,,,
219,Ringwood,-37.8091884,145.2300999,51032a77fa5c27624059ba26497c93e742c0f00101f901159b240000000000c00205,Ringwood,Ringwood,1.0,City of Maroondah,Ringwood,-37.839486,-37.780494,145.213346,145.264391
220,Ringwood East,-37.8099075,145.2516141,51cd5603390d286240597fa4880cabe742c0f00101f90185a5240000000000c00205,Ringwood East,Ringwood East,1.0,City of Maroondah,Ringwood East,-37.828006,-37.796561,145.238159,145.266883
221,Ringwood North,-37.7941413,145.2360475,51af997cb38d2762405993f30f6ca6e542c0f00101f9019597240000000000c00205,Ringwood North,Ringwood North,1.0,City of Maroondah,Ringwood North,-37.810705,-37.773507,145.213818,145.249201
222,Rockbank,-37.7312767,144.6607316,51e1ad98b62415624059d56993799add42c0f00101f901a30f250000000000c00205,Rockbank,Rockbank,1.0,City of Melton,Rockbank,-37.745473,-37.71392,144.631851,144.671041
223,Romsey,-37.3518801,144.7374475,518be07f2b99176240597ece38680aad42c0f00101f9019932250000000000c00207,Romsey VIC 3434,Romsey VIC 3434,1.0,Shire of Macedon Ranges,,,,,
224,Rosebud,-38.3710325,144.9095115,51c07adcb71a1d62405966a032fe7d2f43c0f00101f9017e67250000000000c00205,Rosebud,Rosebud,1.0,Shire of Mornington Peninsula,Rosebud,-38.392773,-38.349437,144.874832,144.946148
225,Rowville,-37.9239267,145.2447672,5146e40522d5276240595b33e83a43f642c0f00101f90127b7240000000000c00205,Rowville,Rowville,1.0,City of Knox,Rowville,-37.952076,-37.899697,145.204823,145.281541
226,Roxburgh Park,-37.6258153,144.9255725,517632384a9e1d624059106b3bb71ad042c0f00101f90112a0240000000000c00205,Roxburgh Park,Roxburgh Park,1.0,City of Hume,Roxburgh Park,-37.641399,-37.610085,144.910389,144.940497
227,Sandhurst,-38.0819428,145.21039,51f92ccf83bb266240594312071a7d0a43c0f00101f9011603250000000000c00205,Sandhurst,Sandhurst,1.0,City of Frankston,Sandhurst,-38.090196,-38.073188,145.192563,145.22147
228,Sandringham,-37.9533347,145.0139308,51074d011f72206240592c5217df06fa42c0f00101f901eaac240000000000c00205,Sandringham,Sandringham,1.0,City of Bayside,Sandringham,-37.963186,-37.941799,144.992836,145.031786
229,Seabrook,-37.8806797,144.7578334,51219ad42b401862405924e0c61cbaf042c0f00101f9011501250000000000c00205,Seabrook,Seabrook,1.0,City of Hobsons Bay,Seabrook,-37.888649,-37.872967,144.751432,144.766673
230,Seaford,-38.1048309,145.1384475,51d19673296e246240591d8e53196b0d43c0f00101f9010b0a250000000000c00205,Seaford,Seaford,1.0,City of Frankston,Seaford,-38.130777,-38.081703,145.122211,145.162044
231,Seddon,-37.8067725,144.8915967,511777cdf5871c624059f5673f5244e742c0f00101f90151a0240000000000c00205,Seddon,Seddon,1.0,City of Maribyrnong,Seddon,-37.810753,-37.802172,144.884162,144.90023
232,Kingsville,-37.8088622,144.8794356,51059e2056241c6240593dfcebcb88e742c0f00101f901a4a8240000000000c00205,Kingsville,Kingsville,1.0,City of Maribyrnong,Kingsville,-37.812824,-37.802589,144.86924,144.885428
233,Somerville,-38.2254039,145.1736692,5152cab5b28e256240590872f508da1c43c0f00101f9016f39250000000000c00205,Somerville,Somerville,1.0,Shire of Mornington Peninsula,Somerville,-38.256677,-38.203359,145.148333,145.261807
234,South Melbourne,-37.8334603,144.9570188,5107f5e3e59f1e624059d681bdd3aeea42c0f00101f9017a90240000000000c00205,South Melbourne,South Melbourne,1.0,City of Port Phillip,South Melbourne,-37.842169,-37.825947,144.940342,144.971768
235,South Morang,-37.6316767,145.0836353,5151c9ef23ad22624059961238c8dad042c0f00101f9012887240000000000c00205,South Morang,South Morang,1.0,City of Whittlesea,South Morang,-37.66481,-37.610469,145.044096,145.123397
236,South Yarra,-37.8377695,144.9918537,51557df843bd1f6240590b0bee073ceb42c0f00101f9013e62240000000000c00205,South Yarra,South Yarra,1.0,City of Stonnington,South Yarra,-37.848102,-37.827669,144.975809,145.006435
237,Southbank,-37.8253618,144.9640203,51c3a51941d91e624059112f9974a5e942c0f00101f901ca8e240000000000c00205,Southbank,Southbank,1.0,City of Melbourne,Southbank,-37.831482,-37.819245,144.946909,144.971423
238,Springvale,-37.9456253,145.1580111,51f65c4b6d0e2562405996e2f43f0af942c0f00101f901bcac240000000000c00205,Springvale,Springvale,1.0,City of Greater Dandenong,Springvale,-37.963679,-37.924606,145.136589,145.187231
239,Springvale South,-37.9708611,145.1478692,51be423058bb24624059b3ba302d45fc42c0f00101f901dcac240000000000c00205,Springvale South,Springvale South,1.0,City of Greater Dandenong,Springvale South,-37.983643,-37.959984,145.129658,145.16199
240,St Albans,-37.7450983,144.804976,511442075dc21962405911678f615fdf42c0f00101f901e9f2240000000000c00205,St Albans,St Albans,1.0,City of Brimbank,St Albans,-37.76837,-37.727568,144.778718,144.832691
241,St Kilda,-37.8638261,144.981637,516571ff91691f624059327788da91ee42c0f00101f9012295240000000000c00205,St Kilda,St Kilda,1.0,City of Port Phillip,St Kilda,-37.876291,-37.852189,144.970653,144.993262
242,St Kilda East,-37.8668218,145.0021657,518955cdbd1120624059dc3a4904f4ee42c0f00101f9016f90240000000000c00205,St Kilda East,St Kilda East,1.0,City of Glen Eira,St Kilda East,-37.878051,-37.857906,144.991215,145.010521
243,Strathmore,-37.7333202,144.9182433,51ade8c53f621d624059833fb26fdddd42c0f00101f9016f97240000000000c00205,Strathmore,Strathmore,1.0,City of Moonee Valley,Strathmore,-37.74409,-37.715792,144.901732,144.934665
244,Sunbury,-37.5796938,144.7295281,516b60504b5817624059d4580c6833ca42c0f00101f901cf0f250000000000c00207,Melbourne VIC 3429,Melbourne VIC 3429,1.0,City of Hume,,,,,
245,Sunshine,-37.7893319,144.8342699,513111ca56b21a6240594318e4d308e542c0f00101f9013cb7240000000000c00205,Sunshine,Sunshine,1.0,City of Brimbank,Sunshine,-37.802922,-37.776505,144.815166,144.847246
246,Sunshine North,-37.7639467,144.8361969,5188500020c21a6240598d316601c9e142c0f00101f90138b7240000000000c00205,Sunshine North,Sunshine North,1.0,City of Brimbank,Sunshine North,-37.779068,-37.746152,144.816111,144.854267
247,Sunshine West,-37.7983442,144.8110919,519e110077f419624059c4f98a2430e642c0f00101f9013eb7240000000000c00205,Sunshine West,Sunshine West,1.0,City of Brimbank,Sunshine West,-37.81689,-37.781613,144.787365,144.834782
248,Surrey Hills,-37.8271881,145.0978326,51722fd5712123624059f891b64ce1e942c0f00101f901b36b240000000000c00205,Surrey Hills,Surrey Hills,1.0,City of Boroondara,Surrey Hills,-37.837664,-37.81289,145.085673,145.113487
249,Sydenham,-37.6997223,144.7653295,5140a54a947d186240591564158090d942c0f00101f90104fc240000000000c00205,Sydenham,Sydenham,1.0,City of Brimbank,Sydenham,-37.711298,-37.680953,144.755442,144.782059
250,Tarneit,-37.8354458,144.6646643,5133ea10ee4415624059504a52e3efea42c0f00101f9017b02250000000000c00205,Tarneit,Tarneit,1.0,City of Wyndham,Tarneit,-37.871684,-37.800946,144.614677,144.713969
251,Taylors Hill,-37.7152241,144.7533127,512b453c231b18624059d0679b768cdb42c0f00101f9017afc240000000000c00205,Taylors Hill,Taylors Hill,1.0,City of Melton,Taylors Hill,-37.725339,-37.704435,144.738499,144.768149
252,Taylors Lakes,-37.698633,144.7863077,51fa02c46e291962405904745fce6cd942c0f00101f9019bf3240000000000c00205,Taylors Lakes,Taylors Lakes,1.0,City of Brimbank,Taylors Lakes,-37.7143331,-37.6790152,144.765039,144.812287
253,Templestowe,-37.7540588,145.1486152,5108f6a974c12462405969a1aeff84e042c0f00101f901726b240000000000c00205,Templestowe,Templestowe,1.0,City of Manningham,Templestowe,-37.77858,-37.733954,145.117526,145.177714
254,Templestowe Lower,-37.7638749,145.1122762,51d0e341c497236240591dde18a7c6e142c0f00101f9014e59240000000000c00205,Templestowe Lower,Templestowe Lower,1.0,City of Manningham,Templestowe Lower,-37.779596,-37.748993,145.092825,145.131461
255,The Basin,-37.8556937,145.3214075,510da661f8482a6240595672045f87ed42c0f00101f90196f3240000000000c00205,The Basin,The Basin,1.0,City of Knox,The Basin,-37.867066,-37.844862,145.29887,145.338479
256,Thomastown,-37.6832672,145.0081104,513dd8bd704220624059fa36b34c75d742c0f00101f901ae6b240000000000c00205,Thomastown,Thomastown,1.0,City of Whittlesea,Thomastown,-37.697344,-37.669103,144.970623,145.05236
257,Thornbury,-37.7582744,145.0051501,5147e28a302a206240596fb2b2220fe142c0f00101f901a759240000000000c00205,Thornbury,Thornbury,1.0,City of Darebin,Thornbury,-37.766631,-37.75027,144.979204,145.03224
258,Toorak,-37.8416141,145.0176215,519bc6f65a90206240591eadc502baeb42c0f00101f9014762240000000000c00205,Toorak,Toorak,1.0,City of Stonnington,Toorak,-37.851611,-37.83051,145.003186,145.032686
259,Truganina,-37.8089015,144.721139,51d89b18921317624059b91798158ae742c0f00101f9017c02250000000000c00205,Truganina,Truganina,1.0,City of Wyndham,Truganina,-37.868739,-37.734814,144.659455,144.769197
260,Tullamarine,-37.704658,144.8717732,51f0f0e890e51b624059b16ebc3b32da42c0f00101f901a0a8240000000000c00205,Tullamarine,Tullamarine,1.0,City of Hume,Tullamarine,-37.723807,-37.681817,144.847452,144.890804
261,Upwey,-37.9052161,145.3279903,51f87c83e57e2a62405905a8041fdef342c0f00101f9018bfb240000000000c00205,Upwey,Upwey,1.0,Shire of Yarra Ranges,Upwey,-37.921329,-37.889001,145.310745,145.343876
262,Vermont,-37.8384616,145.1993471,51ae612b0d6126624059d679afb552eb42c0f00101f9014b97240000000000c00205,Vermont,Vermont,1.0,City of Whitehorse,Vermont,-37.847188,-37.830273,145.182264,145.216613
263,Vermont South,-37.854386,145.1878065,513defc682022662405983143c855ced42c0f00101f901bc99240000000000c00205,Vermont South,Vermont South,1.0,City of Whitehorse,Vermont South,-37.865207,-37.845419,145.168849,145.210665
264,Viewbank,-37.7399103,145.0932329,51290d90c3fb226240599d3c7661b5de42c0f00101f901ee4f240000000000c00205,Viewbank,Viewbank,1.0,City of Banyule,Viewbank,-37.754324,-37.72699,145.079813,145.108947
265,Yallambie,-37.7251655,145.0935218,51d10e6e21fe2262405900581d39d2dc42c0f00101f9015e58240000000000c00205,Yallambie,Yallambie,1.0,City of Banyule,Yallambie,-37.735223,-37.718457,145.078404,145.112149
266,Wallan,-37.4138855,144.9774549,51149a7f4f471f624059f1643733fab442c0f00101f90157fc240000000000c00207,Wallan VIC 3756,Wallan VIC 3756,1.0,Shire of Mitchell,,,,,
267,Wandin,-37.81237,145.462204,5193020b60ca2e62405932207bbdfbe742c0f00101f901e40a250000000000c00208,Melbourne,Melbourne,0.9,Shire of Yarra Ranges,,,,,
268,Wantirna,-37.8523357,145.2259721,51df69d7293b276240594c5b125619ed42c0f00101f901f99a240000000000c00205,Wantirna,Wantirna,1.0,City of Knox,Wantirna,-37.868975,-37.837871,145.20043,145.2485299
269,Wantirna South,-37.8737902,145.2217475,51088f368e18276240595c48765bd8ef42c0f00101f901ba9d240000000000c00205,Wantirna South,Wantirna South,1.0,City of Knox,Wantirna South,-37.889041,-37.85223,145.190855,145.254546
270,Warrandyte,-37.7377865,145.2237227,51eefb81bc28276240591477bcc96fde42c0f00101f901d68d240000000000c00205,Warrandyte,Warrandyte,1.0,City of Manningham,Warrandyte,-37.77251,-37.729617,145.175533,145.248246
271,Watsonia,-37.7097848,145.0832709,51ac06bc27aa226240595599733adada42c0f00101f9015d58240000000000c00205,Watsonia,Watsonia,1.0,City of Banyule,Watsonia,-37.7181,-37.701804,145.074514,145.095581
272,Wattle Glen,-37.6659556,145.1813531,51e73004a5cd25624059454b79083ed542c0f00101f9018d8e240000000000c00205,Wattle Glen,Wattle Glen,1.0,Shire of Nillumbik,Wattle Glen,-37.690277,-37.649558,145.166419,145.210992
273,Werribee South,-37.939627,144.697546,51942efd4b521662405924b891b245f842c0f00101f9014418250000000000c00205,Werribee South,Werribee South,1.0,City of Wyndham,Werribee South,-37.975098,-37.89605,144.657438,144.742765
274,Werribee,-37.9008141,144.6616976,51effa71a02c1562405949a35de04df342c0f00101f9014518250000000000c00205,Werribee,Werribee,1.0,City of Wyndham,Werribee,-37.945272,-37.870364,144.578968,144.718944
275,West Footscray,-37.8005584,144.8710808,518d85d7e4df1b624059e04499b278e642c0f00101f90160a9240000000000c00205,West Footscray,West Footscray,1.0,City of Maribyrnong,West Footscray,-37.813705,-37.789486,144.859906,144.886621
276,Tottenham,-37.8046977,144.8529354,5139132e3f4b1b6240594d55905500e742c0f00101f90122b7240000000000c00205,Tottenham,Tottenham,1.0,City of Maribyrnong,Tottenham,-37.814889,-37.796923,144.839154,144.861968
277,West Melbourne,-37.808747,144.9238207,51c5bb6df08f1d6240597ade8d0585e742c0f00101f9019997240000000000c00205,West Melbourne,West Melbourne,1.0,City of Melbourne,West Melbourne,-37.822821,-37.798256,144.905455,144.956446
278,Wheelers Hill,-37.9103266,145.1895175,51a11001871026624059e5d6ff9485f442c0f00101f901a1a8240000000000c00205,Wheelers Hill,Wheelers Hill,1.0,City of Monash,Wheelers Hill,-37.924399,-37.890251,145.160558,145.208389
279,Whittlesea,-37.5121301,145.1177321,5110e61b76c4236240590b66a77a8dc142c0f00101f9016af9240000000000c00207,Melbourne VIC 3757,Melbourne VIC 3757,1.0,City of Whittlesea,,,,,
280,Williamstown,-37.8611788,144.8898569,51d7732db5791c62405917015f1b3bee42c0f00101f901a1a9240000000000c00205,Williamstown,Williamstown,1.0,City of Hobsons Bay,Williamstown,-37.872963,-37.849297,144.851647,144.918867
281,Wollert,-37.5939889,145.0337333,512889db571421624059f0d709d407cc42c0f00101f9019d9a240000000000c00205,Wollert,Wollert,1.0,City of Whittlesea,Wollert,-37.624492,-37.557292,144.946461,145.064422
282,Wyndham Vale,-37.8868742,144.624117,5116fc36c4f8136240594555021885f142c0f00101f901d82d250000000000c00205,Wyndham Vale,Wyndham Vale,1.0,City of Wyndham,Wyndham Vale,-37.901807,-37.81607,144.559144,144.653784
283,Yarra Glen,-37.6573475,145.3743964,51afb7280efb2b624059be4d7ff623d442c0f00101f9018ffb240000000000c00205,Yarra Glen,Yarra Glen,1.0,Shire of Yarra Ranges,Yarra Glen,-37.68289,-37.616992,145.330366,145.426451
284,Yarraville,-37.8180051,144.8819389,513f92edd7381c624059093b2064b4e842c0f00101f901b1a5240000000000c00205,Yarraville,Yarraville,1.0,City of Maribyrnong,Yarraville,-37.826955,-37.809214,144.857752,144.906652
285,Bulla,-37.6347957,144.8027227,51380884e7af196240591a9249fc40d142c0f00101f90197fb240000000000c00205,Bulla,Bulla,1.0,City of Hume,Bulla,-37.676812,-37.582626,144.759968,144.836363
